Workbook

Sheet average
B1: ChatGPT | E1: Gemini | H1: Grok | K1: Perplexity
B2: Precision | C2: Recall | D2: F1-Score | E2: Precision | F2: Recall | G2: F1-Score | H2: Precision | I2: Recall | J2: F1-Score | K2: Precision | L2: Recall | M2: F1-Score
A3: Jaki | B3: =jaki!C14 -> 0.25232727 | C3: =jaki!D14 -> 0.29266364 | D3: =jaki!E14 -> 0.22954545 | E3: =jaki!F14 -> 0.24640909 | F3: =jaki!G14 -> 0.47625455 | G3: =jaki!H14 -> 0.25648182 | H3: =jaki!I14 -> 0.15535455 | I3: =jaki!J14 -> 0.39378182 | ... M3: =jaki!N14 -> 0.14566364
A4: Kemnaker | B4: =kemnaker!C14 -> 0.43789091 | C4: =kemnaker!D14 -> 0.69890909 | D4: =kemnaker!E14 -> 0.47745455 | E4: =kemnaker!F14 -> 0.3462 | F4: =kemnaker!G14 -> 0.66853636 | G4: =kemnaker!H14 -> 0.40312727 | H4: =kemnaker!I14 -> 0.49439091 | I4: =kemnaker!J14 -> 0.81901818 | ... M4: =kemnaker!N14 -> 0.4757
A5: Rumah Pendidika | B5: =rumahpendidikan!C14 -> 0.33590909 | C5: =rumahpendidikan!D14 -> 0.46947273 | D5: =rumahpendidikan!E14 -> 0.31712727 | E5: =rumahpendidikan!F14 -> 0.20568182 | F5: =rumahpendidikan!G14 -> 0.4078 | G5: =rumahpendidikan!H14 -> 0.19951818 | H5: =rumahpendidikan!I14 -> 0.23570909 | I5: =rumahpendidikan!J14 -> 0.47985455 | ... M5: =rumahpendidikan!N14 -> 0.28887273
A6: Satu Sehat | B6: =satusehat!C14 -> 0.36121818 | C6: =satusehat!D14 -> 0.44680909 | D6: =satusehat!E14 -> 0.30884545 | E6: =satusehat!F14 -> 0.31583636 | F6: =satusehat!G14 -> 0.43139091 | G6: =satusehat!H14 -> 0.30969091 | H6: =satusehat!I14 -> 0.18195455 | I6: =satusehat!J14 -> 0.33034545 | ... M6: =satusehat!N14 -> 0.25065455

Sheet jaki
C1: ChatGPT | F1: Gemini | I1: Grok | L1: Perplexity
A2: No | B2: Parameter | C2: Precision | D2: Recall | E2: F1-Score | F2: Precision | G2: Recall | H2: F1-Score | I2: Precision | J2: Recall | K2: F1-Score | L2: Precision | M2: Recall | N2: F1-Score
A3: 1 | B3: Pengirim/pengendali data | C3: 0 | D3: 0 | E3: 0 | F3: 0.05 | G3: 1 | H3: 0.0952 | I3: 0.0256 | J3: 1 | K3: 0.05 | L3: 0.0313 | M3: 1 | N3: 0.0606
A4: 2 | B4: Penerima/prosesor data | C4: 0 | D4: 0 | E4: 0 | F4: 0.0513 | G4: 1 | H4: 0.0976 | I4: 0.04 | J4: 1 | K4: 0.0769 | L4: 0.027 | M4: 1 | N4: 0.0526
A5: 3 | B5: Subjek data | C5: 0.1111 | D5: 1 | E5: 0.2 | F5: 0.3333 | G5: 1 | H5: 0.5 | I5: 0.0625 | J5: 1 | K5: 0.1176 | L5: 0.0909 | M5: 1 | N5: 0.1667
A6: 4 | B6: Prinsip Transmisi | C6: 1 | D6: 1 | E6: 1 | F6: 0 | G6: 0 | H6: 0 | I6: 0 | J6: 0 | K6: 0 | L6: 0 | M6: 0 | N6: 0
A7: 5 | B7: Legalitas dari Pemrosesan Data Pribadi | C7: 0.4074 | D7: 0.4783 | E7: 0.44 | F7: 0.2778 | G7: 0.6522 | H7: 0.3896 | I7: 0.3 | J7: 0.5217 | K7: 0.381 | L7: 0.1385 | M7: 0.3913 | N7: 0.2045
A8: 6 | B8: Tujuan Pemrosesan Data Pribadi | C8: 0.2955 | D8: 0.0487 | E8: 0.0836 | F8: 0.6786 | G8: 0.3558 | H8: 0.4668 | I8: 0.2973 | J8: 0.0412 | K8: 0.0724 | L8: 0.5075 | M8: 0.1273 | N8: 0.2036
A9: 7 | B9: Jenis dan Relevansi Data Pribadi yang akan diproses | C9: 0.3288 | D9: 0.2637 | E9: 0.2927 | F9: 0.2234 | G9: 0.2308 | H9: 0.227 | I9: 0.4571 | J9: 0.1758 | K9: 0.254 | L9: 0.5 | M9: 0.3187 | N9: 0.3893
A10: 8 | B10: Jangka Waktu Retensi Dokumen yang Memuat Data Pribadi | C10: 0.4857 | D10: 0.3036 | E10: 0.3736 | F10: 0.3818 | G10: 0.375 | H10: 0.3784 | I10: 0.2683 | J10: 0.3929 | K10: 0.3188 | L10: 0.4074 | M10: 0.3929 | N10: 0.4
A11: 9 | B11: Rincian Mengenai Informasi yang Dikumpulkan | C11: 0 | D11: 0 | E11: 0 | F11: 0 | G11: 0 | H11: 0 | I11: 0 | J11: 0 | K11: 0 | L11: 0 | M11: 0 | N11: 0
A12: 10 | B12: Jangka Waktu Pemrosesan Data Pribadi | C12: 0.1471 | D12: 0.125 | E12: 0.1351 | F12: 0.7143 | G12: 0.625 | H12: 0.6667 | I12: 0.2581 | J12: 0.2 | K12: 0.2254 | L12: 0.1667 | M12: 0.1 | N12: 0.125
A13: 11 | B13: Hak Subjek Data Pribadi | C13: 0 | D13: 0 | E13: 0 | F13: 0 | G13: 0 | H13: 0 | I13: 0 | J13: 0 | K13: 0 | L13: 0 | M13: 0 | N13: 0
A14: Average | C14: =AVERAGE(C3:C13) -> 0.25232727 | D14: =AVERAGE(D3:D13) -> 0.29266364 | E14: =AVERAGE(E3:E13) -> 0.22954545 | F14: =AVERAGE(F3:F13) -> 0.24640909 | G14: =AVERAGE(G3:G13) -> 0.47625455 | H14: =AVERAGE(H3:H13) -> 0.25648182 | I14: =AVERAGE(I3:I13) -> 0.15535455 | J14: =AVERAGE(J3:J13) -> 0.39378182 | ... N14: =AVERAGE(N3:N13) -> 0.14566364

Sheet kemnaker
C1: ChatGPT | F1: Gemini | I1: Grok | L1: Perplexity
A2: No | B2: Parameter | C2: Precision | D2: Recall | E2: F1-Score | F2: Precision | G2: Recall | H2: F1-Score | I2: Precision | J2: Recall | K2: F1-Score | L2: Precision | M2: Recall | N2: F1-Score
A3: 1 | B3: Pengirim/pengendali data | C3: 0.3333 | D3: 1 | E3: 0.5 | F3: 0.3333 | G3: 1 | H3: 0.5 | I3: 0.3333 | J3: 1 | K3: 0.5 | L3: 0.1818 | M3: 1 | N3: 0.3077
A4: 2 | B4: Penerima/prosesor data | C4: 0.0377 | D4: 0.5 | E4: 0.0702 | F4: 0.0408 | G4: 0.5 | H4: 0.0755 | I4: 0.0476 | J4: 0.75 | K4: 0.0896 | L4: 0.0385 | M4: 0.5 | N4: 0.0714
A5: 3 | B5: Subjek data | C5: 0.0526 | D5: 1 | E5: 0.1 | F5: 0.087 | G5: 1 | H5: 0.16 | I5: 0.1818 | J5: 1 | K5: 0.3077 | L5: 0.0323 | M5: 1 | N5: 0.0625
A6: 4 | B6: Prinsip Transmisi | C6: 0.2836 | D6: 0.7917 | E6: 0.4176 | F6: 0.2243 | G6: 1 | H6: 0.3664 | I6: 0.3077 | J6: 1 | K6: 0.4706 | L6: 0.2444 | M6: 0.9167 | N6: 0.386
A7: 5 | B7: Legalitas dari Pemrosesan Data Pribadi | C7: 0.1622 | D7: 0.3529 | E7: 0.2222 | F7: 0.1591 | G7: 0.4118 | H7: 0.2295 | I7: 0.1622 | J7: 0.3529 | K7: 0.2222 | L7: 0.1017 | M7: 0.3529 | N7: 0.1579
A8: 6 | B8: Tujuan Pemrosesan Data Pribadi | C8: 0.4474 | D8: 0.2656 | E8: 0.3333 | F8: 0.7429 | G8: 0.8125 | H8: 0.7761 | I8: 0.8657 | J8: 0.9063 | K8: 0.8855 | L8: 0.6897 | M8: 0.625 | N8: 0.6557
A9: 7 | B9: Jenis dan Relevansi Data Pribadi yang akan diproses | C9: 0.5 | D9: 0.7778 | E9: 0.6087 | F9: 0.2208 | G9: 0.6296 | H9: 0.3269 | I9: 0.54 | J9: 1 | K9: 0.7013 | L9: 0.4773 | M9: 0.7778 | N9: 0.5915
A10: 8 | B10: Jangka Waktu Retensi Dokumen yang Memuat Data Pribadi | C10: 1 | D10: 1 | E10: 1 | F10: 1 | G10: 1 | H10: 1 | I10: 1 | J10: 1 | K10: 1 | L10: 1 | M10: 1 | N10: 1
A11: 9 | B11: Rincian Mengenai Informasi yang Dikumpulkan | C11: 0 | D11: 0 | E11: 0 | F11: 0 | G11: 0 | H11: 0 | I11: 0 | J11: 0 | K11: 0 | L11: 0 | M11: 0 | N11: 0
A12: 10 | B12: Jangka Waktu Pemrosesan Data Pribadi | C12: 1 | D12: 1 | E12: 1 | F12: 1 | G12: 1 | H12: 1 | I12: 1 | J12: 1 | K12: 1 | L12: 1 | M12: 1 | N12: 1
A13: 11 | B13: Hak Subjek Data Pribadi | C13: 1 | D13: 1 | E13: 1 | F13: 0 | G13: 0 | H13: 0 | I13: 1 | J13: 1 | K13: 1 | L13: 1 | M13: 1 | N13: 1
A14: Average | C14: =AVERAGE(C3:C13) -> 0.43789091 | D14: =AVERAGE(D3:D13) -> 0.69890909 | E14: =AVERAGE(E3:E13) -> 0.47745455 | F14: =AVERAGE(F3:F13) -> 0.3462 | G14: =AVERAGE(G3:G13) -> 0.66853636 | H14: =AVERAGE(H3:H13) -> 0.40312727 | I14: =AVERAGE(I3:I13) -> 0.49439091 | J14: =AVERAGE(J3:J13) -> 0.81901818 | ... N14: =AVERAGE(N3:N13) -> 0.4757

Sheet rumahpendidikan
C1: ChatGPT | F1: Gemini | I1: Grok | L1: Perplexity
A2: No | B2: Parameter | C2: Precision | D2: Recall | E2: F1-Score | F2: Precision | G2: Recall | H2: F1-Score | I2: Precision | J2: Recall | K2: F1-Score | L2: Precision | M2: Recall | N2: F1-Score
A3: 1 | B3: Pengirim/pengendali data | C3: 0.0645 | D3: 1 | E3: 0.1212 | F3: 0.0909 | G3: 1 | H3: 0.1667 | I3: 0.0541 | J3: 1 | K3: 0.1026 | L3: 0.0377 | M3: 1 | N3: 0.0727
A4: 2 | B4: Penerima/prosesor data | C4: 0 | D4: 0 | E4: 0 | F4: 0.0263 | G4: 1 | H4: 0.0513 | I4: 0.0556 | J4: 1 | K4: 0.1053 | L4: 0.0556 | M4: 1 | N4: 0.1053
A5: 3 | B5: Subjek data | C5: 0.0588 | D5: 1 | E5: 0.1111 | F5: 0.25 | G5: 1 | H5: 0.4 | I5: 0.25 | J5: 1 | K5: 0.4 | L5: 0.25 | M5: 1 | N5: 0.4
A6: 4 | B6: Prinsip Transmisi | C6: 1 | D6: 1 | E6: 1 | F6: 0 | G6: 0 | H6: 0 | I6: 0 | J6: 0 | K6: 0 | L6: 0 | M6: 0 | N6: 0
A7: 5 | B7: Legalitas dari Pemrosesan Data Pribadi | C7: 0.4286 | D7: 0.5 | E7: 0.4615 | F7: 0.4242 | G7: 0.5833 | H7: 0.4912 | I7: 0.3714 | J7: 0.5417 | K7: 0.4407 | L7: 0.1346 | M7: 0.2917 | N7: 0.1842
A8: 6 | B8: Tujuan Pemrosesan Data Pribadi | C8: 0.48 | D8: 0.1283 | E8: 0.2025 | F8: 0.6957 | G8: 0.3422 | H8: 0.4588 | I8: 0.7391 | J8: 0.1818 | K8: 0.2918 | L8: 0.3725 | M8: 0.1016 | N8: 0.1597
A9: 7 | B9: Jenis dan Relevansi Data Pribadi yang akan diproses | C9: 0.2917 | D9: 0.2188 | E9: 0.25 | F9: 0.1667 | G9: 0.2188 | H9: 0.1892 | I9: 0.5333 | J9: 0.75 | K9: 0.6234 | L9: 1 | M9: 0.5313 | N9: 0.6939
A10: 8 | B10: Jangka Waktu Retensi Dokumen yang Memuat Data Pribadi | C10: 0.3714 | D10: 0.3171 | E10: 0.3421 | F10: 0.6087 | G10: 0.3415 | H10: 0.4375 | I10: 0.5893 | J10: 0.8049 | K10: 0.6804 | L10: 0.5208 | M10: 0.6098 | N10: 0.5618
A11: 9 | B11: Rincian Mengenai Informasi yang Dikumpulkan | C11: 0 | D11: 0 | E11: 0 | F11: 0 | G11: 0 | H11: 0 | I11: 0 | J11: 0 | K11: 0 | L11: 0 | M11: 0 | N11: 0
A12: 10 | B12: Jangka Waktu Pemrosesan Data Pribadi | C12: 1 | D12: 1 | E12: 1 | F12: 0 | G12: 0 | H12: 0 | I12: 0 | J12: 0 | K12: 0 | L12: 1 | M12: 1 | N12: 1
A13: 11 | B13: Hak Subjek Data Pribadi | C13: 0 | D13: 0 | E13: 0 | F13: 0 | G13: 0 | H13: 0 | I13: 0 | J13: 0 | K13: 0 | L13: 0 | M13: 0 | N13: 0
A14: Average | C14: =AVERAGE(C3:C13) -> 0.33590909 | D14: =AVERAGE(D3:D13) -> 0.46947273 | E14: =AVERAGE(E3:E13) -> 0.31712727 | F14: =AVERAGE(F3:F13) -> 0.20568182 | G14: =AVERAGE(G3:G13) -> 0.4078 | H14: =AVERAGE(H3:H13) -> 0.19951818 | I14: =AVERAGE(I3:I13) -> 0.23570909 | J14: =AVERAGE(J3:J13) -> 0.47985455 | ... N14: =AVERAGE(N3:N13) -> 0.28887273

Sheet satusehat
C1: ChatGPT | F1: Gemini | I1: Grok | L1: Perplexity
A2: No | B2: Parameter | C2: Precision | D2: Recall | E2: F1-Score | F2: Precision | G2: Recall | H2: F1-Score | I2: Precision | J2: Recall | K2: F1-Score | L2: Precision | M2: Recall | N2: F1-Score
A3: 1 | B3: Pengirim/pengendali data | C3: 0.1667 | D3: 1 | E3: 0.2857 | F3: 0.1905 | G3: 1 | H3: 0.32 | I3: 0.1 | J3: 1 | K3: 0.1818 | L3: 0.08 | M3: 1 | N3: 0.1481
A4: 2 | B4: Penerima/prosesor data | C4: 0 | D4: 0 | E4: 0 | F4: 0 | G4: 0 | H4: 0 | I4: 0 | J4: 0 | K4: 0 | L4: 0 | M4: 0 | N4: 0
A5: 3 | B5: Subjek data | C5: 0.1818 | D5: 1 | E5: 0.3077 | F5: 0.1818 | G5: 1 | H5: 0.3077 | I5: 0.1053 | J5: 1 | K5: 0.1905 | L5: 0.0235 | M5: 1 | N5: 0.046
A6: 4 | B6: Prinsip Transmisi | C6: 0 | D6: 0 | E6: 0 | F6: 0 | G6: 0 | H6: 0 | I6: 0 | J6: 0 | K6: 0 | L6: 0 | M6: 0 | N6: 0
A7: 5 | B7: Legalitas dari Pemrosesan Data Pribadi | C7: 0.4419 | D7: 0.145 | E7: 0.2184 | F7: 0.32 | G7: 0.0611 | H7: 0.1026 | I7: 0.4 | J7: 0.1069 | K7: 0.1687 | L7: 0.32 | M7: 0.0611 | N7: 0.1026
A8: 6 | B8: Tujuan Pemrosesan Data Pribadi | C8: 0.1667 | D8: 0.1714 | E8: 0.169 | F8: 0.087 | G8: 0.2286 | H8: 0.126 | I8: 0.0976 | J8: 0.1143 | K8: 0.1053 | L8: 0.1039 | M8: 0.2286 | N8: 0.1429
A9: 7 | B9: Jenis dan Relevansi Data Pribadi yang akan diproses | C9: 0.625 | D9: 0.3333 | E9: 0.4348 | F9: 0.6949 | G9: 0.4556 | H9: 0.5503 | I9: 0.3556 | J9: 0.1778 | K9: 0.237 | L9: 0.3231 | M9: 0.2333 | N9: 0.271
A10: 8 | B10: Jangka Waktu Retensi Dokumen yang Memuat Data Pribadi | C10: 0.3913 | D10: 1 | E10: 0.5625 | F10: 0 | G10: 0 | H10: 0 | I10: 0.3103 | J10: 1 | K10: 0.4737 | L10: 0.3103 | M10: 1 | N10: 0.4737
A11: 9 | B11: Rincian Mengenai Informasi yang Dikumpulkan | C11: 0 | D11: 0 | E11: 0 | F11: 1 | G11: 1 | H11: 1 | I11: 0 | J11: 0 | K11: 0 | L11: 0 | M11: 0 | N11: 0
A12: 10 | B12: Jangka Waktu Pemrosesan Data Pribadi | C12: 1 | D12: 1 | E12: 1 | F12: 1 | G12: 1 | H12: 1 | I12: 0 | J12: 0 | K12: 0 | L12: 1 | M12: 1 | N12: 1
A13: 11 | B13: Hak Subjek Data Pribadi | C13: 1 | D13: 0.2652 | E13: 0.4192 | F13: 0 | G13: 0 | H13: 0 | I13: 0.6327 | J13: 0.2348 | K13: 0.3425 | L13: 0.8507 | M13: 0.4318 | N13: 0.5729
A14: Average | C14: =AVERAGE(C3:C13) -> 0.36121818 | D14: =AVERAGE(D3:D13) -> 0.44680909 | E14: =AVERAGE(E3:E13) -> 0.30884545 | F14: =AVERAGE(F3:F13) -> 0.31583636 | G14: =AVERAGE(G3:G13) -> 0.43139091 | H14: =AVERAGE(H3:H13) -> 0.30969091 | I14: =AVERAGE(I3:I13) -> 0.18195455 | J14: =AVERAGE(J3:J13) -> 0.33034545 | ... N14: =AVERAGE(N3:N13) -> 0.25065455
