Workbook

Sheet Blibli
C1: ChatGPT | F1: Gemini | I1: Grok | L1: Perplexity
A2: No | B2: Parameter | C2: Precision | D2: Recall | E2: F1-Score | F2: Precision | G2: Recall | H2: F1-Score | I2: Precision | J2: Recall | K2: F1-Score | L2: Precision | M2: Recall | N2: F1-Score
A3: 1 | B3: Pengirim/pengendali data | C3: 0.2273 | D3: 1 | E3: 0.3704 | F3: 0.2273 | G3: 1 | H3: 0.3704 | I3: 0.2273 | J3: 1 | K3: 0.3704 | L3: 0.3125 | M3: 1 | N3: 0.4762
A4: 2 | B4: Penerima/prosesor data | C4: 0.301 | D4: 0.6458 | E4: 0.4106 | F4: 0.093 | G4: 0.0833 | H4: 0.0879 | I4: 0.2432 | J4: 0.375 | K4: 0.2951 | L4: 1 | M4: 0.9792 | N4: 0.9895
A5: 3 | B5: Subjek data | C5: 0.0667 | D5: 1 | E5: 0.125 | F5: 0.0189 | G5: 1 | H5: 0.037 | I5: 0.0625 | J5: 1 | K5: 0.1176 | L5: 0.0208 | M5: 1 | N5: 0.0408
A6: 4 | B6: Prinsip Transmisi | C6: 0 | D6: 0 | E6: 0 | F6: 0 | G6: 0 | H6: 0 | I6: 0 | J6: 0 | K6: 0 | L6: 0 | M6: 0 | N6: 0
A7: 5 | B7: Legalitas dari Pemrosesan Data Pribadi | C7: 0.2778 | D7: 0.2857 | E7: 0.2817 | F7: 0.1744 | G7: 0.4286 | H7: 0.2479 | I7: 0.1515 | J7: 0.2857 | K7: 0.198 | L7: 0.2703 | M7: 0.2857 | N7: 0.2778
A8: 6 | B8: Tujuan Pemrosesan Data Pribadi | C8: 0.7586 | D8: 0.1583 | E8: 0.2619 | F8: 1 | G8: 0.8165 | H8: 0.899 | I8: 0.8571 | J8: 0.1295 | K8: 0.225 | L8: 0.9524 | M8: 0.1439 | N8: 0.25
A9: 7 | B9: Jenis dan Relevansi Data Pribadi yang akan diproses | C9: 0.2105 | D9: 0.0659 | E9: 0.1004 | F9: 0.1358 | G9: 0.1813 | H9: 0.1553 | I9: 0.22 | J9: 0.0604 | K9: 0.0948 | L9: 0.1557 | M9: 0.1044 | N9: 0.125
A10: 8 | B10: Jangka Waktu Retensi Dokumen yang Memuat Data Pribadi | C10: 0.1538 | D10: 0.2857 | E10: 0.2 | F10: 0.1809 | G10: 0.8095 | H10: 0.2957 | I10: 0.1 | J10: 0.3333 | K10: 0.1538 | L10: 0.12 | M10: 0.2857 | N10: 0.169
A11: 9 | B11: Rincian Mengenai Informasi yang Dikumpulkan | C11: 0 | D11: 0 | E11: 0 | F11: 0 | G11: 0 | H11: 0 | I11: 0 | J11: 0 | K11: 0 | L11: 0 | M11: 0 | N11: 0
A12: 10 | B12: Jangka Waktu Pemrosesan Data Pribadi | C12: 0 | D12: 0 | E12: 0 | F12: 0 | G12: 0 | H12: 0 | I12: 0 | J12: 0 | K12: 0 | L12: 1 | M12: 1 | N12: 1
A13: 11 | B13: Hak Subjek Data Pribadi | C13: 0.129 | D13: 0.8 | E13: 0.2222 | F13: 0.0547 | G13: 0.7 | H13: 0.1014 | I13: 0.1765 | J13: 0.9 | K13: 0.2951 | L13: 0.1364 | M13: 0.6 | N13: 0.2222
A14: Average | C14: =AVERAGE(C3:C13) -> 0.19315455 | D14: =AVERAGE(D3:D13) -> 0.38558182 | E14: =AVERAGE(E3:E13) -> 0.17929091 | F14: =AVERAGE(F3:F13) -> 0.17136364 | G14: =AVERAGE(G3:G13) -> 0.45629091 | H14: =AVERAGE(H3:H13) -> 0.19950909 | I14: =AVERAGE(I3:I13) -> 0.18528182 | J14: =AVERAGE(J3:J13) -> 0.37126364 | ... N14: =AVERAGE(N3:N13) -> 0.32277273

Sheet Lazada
C1: ChatGPT | F1: Gemini | I1: Grok | L1: Perplexity
A2: No | B2: Parameter | C2: Precision | D2: Recall | E2: F1-Score | F2: Precision | G2: Recall | H2: F1-Score | I2: Precision | J2: Recall | K2: F1-Score | L2: Precision | M2: Recall | N2: F1-Score
A3: 1 | B3: Pengirim/pengendali data | C3: 0.0556 | D3: 1 | E3: 0.1053 | F3: 0 | G3: 0 | H3: 0 | I3: 0.1481 | J3: 1 | K3: 0.2581 | L3: 0.0556 | M3: 1 | N3: 0.1053
A4: 2 | B4: Penerima/prosesor data | C4: 0.1268 | D4: 0.6923 | E4: 0.2143 | F4: 0.1194 | G4: 0.6154 | H4: 0.2 | I4: 0.2041 | J4: 0.7692 | K4: 0.3226 | L4: 0.1268 | M4: 0.6923 | N4: 0.2143
A5: 3 | B5: Subjek data | C5: 0 | D5: 0 | E5: 0 | F5: 0 | G5: 0 | H5: 0 | I5: 0.1111 | J5: 1 | K5: 0.2 | L5: 0 | M5: 0 | N5: 0
A6: 4 | B6: Prinsip Transmisi | C6: 1 | D6: 1 | E6: 1 | F6: 0.5172 | G6: 0.2113 | H6: 0.3 | I6: 1 | J6: 1 | K6: 1 | L6: 1 | M6: 1 | N6: 1
A7: 5 | B7: Legalitas dari Pemrosesan Data Pribadi | C7: 0.3889 | D7: 0.1094 | E7: 0.1707 | F7: 0.18 | G7: 0.1406 | H7: 0.1579 | I7: 0.15 | J7: 0.0938 | K7: 0.1154 | L7: 0.3889 | M7: 0.1094 | N7: 0.1707
A8: 6 | B8: Tujuan Pemrosesan Data Pribadi | C8: 0.475 | D8: 0.0261 | E8: 0.0495 | F8: 0.4205 | G8: 0.0508 | H8: 0.0907 | I8: 0.4667 | J8: 0.0288 | K8: 0.0543 | L8: 0.475 | M8: 0.0261 | N8: 0.0495
A9: 7 | B9: Jenis dan Relevansi Data Pribadi yang akan diproses | C9: 0.7885 | D9: 0.1907 | E9: 0.3071 | F9: 0 | G9: 0 | H9: 0 | I9: 0.5484 | J9: 0.1581 | K9: 0.2455 | L9: 0.7885 | M9: 0.1907 | N9: 0.3071
A10: 8 | B10: Jangka Waktu Retensi Dokumen yang Memuat Data Pribadi | C10: 1 | D10: 1 | E10: 1 | F10: 0.9048 | G10: 0.2676 | H10: 0.413 | I10: 1 | J10: 0.7746 | K10: 0.873 | L10: 1 | M10: 1 | N10: 1
A11: 9 | B11: Rincian Mengenai Informasi yang Dikumpulkan | C11: 0 | D11: 0 | E11: 0 | F11: 0 | G11: 0 | H11: 0 | I11: 0 | J11: 0 | K11: 0 | L11: 0 | M11: 0 | N11: 0
A12: 10 | B12: Jangka Waktu Pemrosesan Data Pribadi | C12: 1 | D12: 1 | E12: 1 | F12: 1 | G12: 1 | H12: 1 | I12: 1 | J12: 1 | K12: 1 | L12: 1 | M12: 1 | N12: 1
A13: 11 | B13: Hak Subjek Data Pribadi | C13: 0 | D13: 0 | E13: 0 | F13: 1 | G13: 1 | H13: 1 | I13: 0 | J13: 0 | K13: 0 | L13: 0 | M13: 0 | N13: 0
A14: Average | C14: =AVERAGE(C3:C13) -> 0.43952727 | D14: =AVERAGE(D3:D13) -> 0.45622727 | E14: =AVERAGE(E3:E13) -> 0.34971818 | F14: =AVERAGE(F3:F13) -> 0.37653636 | G14: =AVERAGE(G3:G13) -> 0.2987 | H14: =AVERAGE(H3:H13) -> 0.28741818 | I14: =AVERAGE(I3:I13) -> 0.42076364 | J14: =AVERAGE(J3:J13) -> 0.5295 | ... N14: =AVERAGE(N3:N13) -> 0.34971818

Sheet Shopee
C1: ChatGPT | F1: Gemini | I1: Grok | L1: Perplexity
A2: No | B2: Parameter | C2: Precision | D2: Recall | E2: F1-Score | F2: Precision | G2: Recall | H2: F1-Score | I2: Precision | J2: Recall | K2: F1-Score | L2: Precision | M2: Recall | N2: F1-Score
A3: 1 | B3: Pengirim/pengendali data | C3: 0.2353 | D3: 1 | E3: 0.381 | F3: 0 | G3: 0 | H3: 0 | I3: 0.1538 | J3: 1 | K3: 0.2667 | L3: 0.1818 | M3: 1 | N3: 0.3077
A4: 2 | B4: Penerima/prosesor data | C4: 0.2388 | D4: 0.6667 | E4: 0.3516 | F4: 0 | G4: 0 | H4: 0 | I4: 0.1127 | J4: 0.3333 | K4: 0.1684 | L4: 0.3478 | M4: 1 | N4: 0.5161
A5: 3 | B5: Subjek data | C5: 0.1111 | D5: 0.3333 | E5: 0.1667 | F5: 0 | G5: 0 | H5: 0 | I5: 0.125 | J5: 1 | K5: 0.2222 | L5: 0.0294 | M5: 0.3333 | N5: 0.0541
A6: 4 | B6: Prinsip Transmisi | C6: 1 | D6: 1 | E6: 1 | F6: 0 | G6: 0 | H6: 0 | I6: 1 | J6: 1 | K6: 1 | L6: 1 | M6: 1 | N6: 1
A7: 5 | B7: Legalitas dari Pemrosesan Data Pribadi | C7: 0.4878 | D7: 0.146 | E7: 0.2247 | F7: 0 | G7: 0 | H7: 0 | I7: 0.3284 | J7: 0.1606 | K7: 0.2157 | L7: 0.4643 | M7: 0.0949 | N7: 0.1576
A8: 6 | B8: Tujuan Pemrosesan Data Pribadi | C8: 0.9359 | D8: 0.0719 | E8: 0.1335 | F8: 0 | G8: 0 | H8: 0 | I8: 0.9502 | J8: 0.376 | K8: 0.5388 | L8: 0.4865 | M8: 0.0177 | N8: 0.0342
A9: 7 | B9: Jenis dan Relevansi Data Pribadi yang akan diproses | C9: 0.2043 | D9: 0.1348 | E9: 0.1624 | F9: 0 | G9: 0 | H9: 0 | I9: 0.1503 | J9: 0.1844 | K9: 0.1656 | L9: 0.1778 | M9: 0.0567 | N9: 0.086
A10: 8 | B10: Jangka Waktu Retensi Dokumen yang Memuat Data Pribadi | C10: 1 | D10: 0.3212 | E10: 0.4862 | F10: 0 | G10: 0 | H10: 0 | I10: 0.3947 | J10: 0.1095 | K10: 0.1714 | L10: 0.7292 | M10: 0.2555 | N10: 0.3784
A11: 9 | B11: Rincian Mengenai Informasi yang Dikumpulkan | C11: 0.1053 | D11: 0.5 | E11: 0.1739 | F11: 0 | G11: 0 | H11: 0 | I11: 0.0405 | J11: 0.5833 | K11: 0.0757 | L11: 0.08 | M11: 0.1667 | N11: 0.1081
A12: 10 | B12: Jangka Waktu Pemrosesan Data Pribadi | C12: 0 | D12: 0 | E12: 0 | F12: 1 | G12: 1 | H12: 1 | I12: 1 | J12: 1 | K12: 1 | L12: 1 | M12: 1 | N12: 1
A13: 11 | B13: Hak Subjek Data Pribadi | C13: 0.4684 | D13: 0.5781 | E13: 0.5175 | F13: 0 | G13: 0 | H13: 0 | I13: 0.2489 | J13: 0.9063 | K13: 0.3906 | L13: 0.4 | M13: 0.2188 | N13: 0.2828
A14: Average | C14: =AVERAGE(C3:C13) -> 0.43517273 | D14: =AVERAGE(D3:D13) -> 0.432 | E14: =AVERAGE(E3:E13) -> 0.32704545 | F14: =AVERAGE(F3:F13) -> 0.090909091 | G14: =AVERAGE(G3:G13) -> 0.090909091 | H14: =AVERAGE(H3:H13) -> 0.090909091 | I14: =AVERAGE(I3:I13) -> 0.4095 | J14: =AVERAGE(J3:J13) -> 0.60485455 | ... N14: =AVERAGE(N3:N13) -> 0.35681818

Sheet Zalora
C1: ChatGPT | F1: Gemini | I1: Grok | L1: Perplexity
A2: No | B2: Parameter | C2: Precision | D2: Recall | E2: F1-Score | F2: Precision | G2: Recall | H2: F1-Score | I2: Precision | J2: Recall | K2: F1-Score | L2: Precision | M2: Recall | N2: F1-Score
A3: 1 | B3: Pengirim/pengendali data | C3: 1 | D3: 0.4706 | E3: 0.64 | F3: 0.0833 | G3: 0.0882 | H3: 0.0857 | I3: 1 | J3: 1 | K3: 1 | L3: 0.9706 | M3: 0.9706 | N3: 0.9706
A4: 2 | B4: Penerima/prosesor data | C4: 0.5 | D4: 0.1364 | E4: 0.2143 | F4: 0.2931 | G4: 0.0966 | H4: 0.1453 | I4: 0.325 | J4: 0.1477 | K4: 0.2031 | L4: 0.85 | M4: 0.3864 | N4: 0.5313
A5: 3 | B5: Subjek data | C5: 0 | D5: 0 | E5: 0 | F5: 0 | G5: 0 | H5: 0 | I5: 0.0303 | J5: 0.5 | K5: 0.0571 | L5: 0 | M5: 0 | N5: 0
A6: 4 | B6: Prinsip Transmisi | C6: 0 | D6: 0 | E6: 0 | F6: 0 | G6: 0 | H6: 0 | I6: 0 | J6: 0 | K6: 0 | L6: 0 | M6: 0 | N6: 0
A7: 5 | B7: Legalitas dari Pemrosesan Data Pribadi | C7: 0.2075 | D7: 0.2821 | E7: 0.2391 | F7: 0.1429 | G7: 0.2821 | H7: 0.1897 | I7: 0.0909 | J7: 0.2051 | K7: 0.126 | L7: 0.4222 | M7: 0.4872 | N7: 0.4524
A8: 6 | B8: Tujuan Pemrosesan Data Pribadi | C8: 0.7885 | D8: 0.1105 | E8: 0.1939 | F8: 0.352 | G8: 0.1186 | H8: 0.1774 | I8: 0.8812 | J8: 1 | K8: 0.9369 | L8: 0.4091 | M8: 0.0485 | N8: 0.0867
A9: 7 | B9: Jenis dan Relevansi Data Pribadi yang akan diproses | C9: 1 | D9: 0.4471 | E9: 0.6179 | F9: 0.2674 | G9: 0.2706 | H9: 0.269 | I9: 1 | J9: 0.8588 | K9: 0.9241 | L9: 1 | M9: 0.5059 | N9: 0.6719
A10: 8 | B10: Jangka Waktu Retensi Dokumen yang Memuat Data Pribadi | C10: 0 | D10: 0 | E10: 0 | F10: 0 | G10: 0 | H10: 0 | I10: 0 | J10: 0 | K10: 0 | L10: 0 | M10: 0 | N10: 0
A11: 9 | B11: Rincian Mengenai Informasi yang Dikumpulkan | C11: 0 | D11: 0 | E11: 0 | F11: 0 | G11: 0 | H11: 0 | I11: 0 | J11: 0 | K11: 0 | L11: 0 | M11: 0 | N11: 0
A12: 10 | B12: Jangka Waktu Pemrosesan Data Pribadi | C12: 0 | D12: 0 | E12: 0 | F12: 0 | G12: 0 | H12: 0 | I12: 1 | J12: 1 | K12: 1 | L12: 1 | M12: 1 | N12: 1
A13: 11 | B13: Hak Subjek Data Pribadi | C13: 0.1698 | D13: 0.4091 | E13: 0.24 | F13: 0.1154 | G13: 0.2727 | H13: 0.1622 | I13: 0.0948 | J13: 0.9091 | K13: 0.1717 | L13: 0.1042 | M13: 0.2273 | N13: 0.1429
A14: Average | C14: =AVERAGE(C3:C13) -> 0.33325455 | D14: =AVERAGE(D3:D13) -> 0.16870909 | E14: =AVERAGE(E3:E13) -> 0.19501818 | F14: =AVERAGE(F3:F13) -> 0.11400909 | G14: =AVERAGE(G3:G13) -> 0.10261818 | H14: =AVERAGE(H3:H13) -> 0.093572727 | I14: =AVERAGE(I3:I13) -> 0.40201818 | J14: =AVERAGE(J3:J13) -> 0.51097273 | ... N14: =AVERAGE(N3:N13) -> 0.35052727

Sheet average
B2: ChatGPT | E2: Gemini | H2: Grok | K2: Perplexity
B3: Precision | C3: Recall | D3: F1-Score | E3: Precision | F3: Recall | G3: F1-Score | H3: Precision | I3: Recall | J3: F1-Score | K3: Precision | L3: Recall | M3: F1-Score
A4: Blibli | B4: =Blibli!C14 -> 0.19315455 | C4: =Blibli!D14 -> 0.38558182 | D4: =Blibli!E14 -> 0.17929091 | E4: =Blibli!F14 -> 0.17136364 | F4: =Blibli!G14 -> 0.45629091 | G4: =Blibli!H14 -> 0.19950909 | H4: =Blibli!I14 -> 0.18528182 | I4: =Blibli!J14 -> 0.37126364 | ... M4: =Blibli!N14 -> 0.32277273
A5: Lazada | B5: =Lazada!C14 -> 0.43952727 | C5: =Lazada!D14 -> 0.45622727 | D5: =Lazada!E14 -> 0.34971818 | E5: =Lazada!F14 -> 0.37653636 | F5: =Lazada!G14 -> 0.2987 | G5: =Lazada!H14 -> 0.28741818 | H5: =Lazada!I14 -> 0.42076364 | I5: =Lazada!J14 -> 0.5295 | ... M5: =Lazada!N14 -> 0.34971818
A6: Shopee | B6: =Shopee!C14 -> 0.43517273 | C6: =Shopee!D14 -> 0.432 | D6: =Shopee!E14 -> 0.32704545 | E6: =Shopee!F14 -> 0.090909091 | F6: =Shopee!G14 -> 0.090909091 | G6: =Shopee!H14 -> 0.090909091 | H6: =Shopee!I14 -> 0.4095 | I6: =Shopee!J14 -> 0.60485455 | ... M6: =Shopee!N14 -> 0.35681818
A7: Zalora | B7: =Zalora!C14 -> 0.33325455 | C7: =Zalora!D14 -> 0.16870909 | D7: =Zalora!E14 -> 0.19501818 | E7: =Zalora!F14 -> 0.11400909 | F7: =Zalora!G14 -> 0.10261818 | G7: =Zalora!H14 -> 0.093572727 | H7: =Zalora!I14 -> 0.40201818 | I7: =Zalora!J14 -> 0.51097273 | ... M7: =Zalora!N14 -> 0.35052727
A8: overall average | B8: =AVERAGE(B4:B7) -> 0.35027727 | C8: =AVERAGE(C4:C7) -> 0.36062955 | D8: =AVERAGE(D4:D7) -> 0.26276818 | E8: =AVERAGE(E4:E7) -> 0.18820455 | F8: =AVERAGE(F4:F7) -> 0.23712955 | G8: =AVERAGE(G4:G7) -> 0.16785227 | H8: =AVERAGE(H4:H7) -> 0.35439091 | I8: =AVERAGE(I4:I7) -> 0.50414773 | ... M8: =AVERAGE(M4:M7) -> 0.34495909
B19: ChatGPT | E19: Gemini | H19: Grok | K19: Perplexity
B20: Precision | C20: Recall | D20: F1-Score | E20: Precision | F20: Recall | G20: F1-Score | H20: Precision | I20: Recall | J20: F1-Score | K20: Precision | L20: Recall | M20: F1-Score
A21: Blibli | B21: 0.19315455 | C21: 0.38558182 | D21: 0.17929091 | E21: 0.17136364 | F21: 0.45629091 | G21: 0.19950909 | H21: 0.18528182 | I21: 0.37126364 | J21: 0.15907273 | K21: 0.36073636 | L21: 0.49080909 | M21: 0.32277273
A22: Lazada | B22: 0.43952727 | C22: 0.45622727 | D22: 0.34971818 | E22: 0.37653636 | F22: 0.2987 | G22: 0.28741818 | H22: 0.42076364 | I22: 0.5295 | J22: 0.3699 | K22: 0.43952727 | L22: 0.45622727 | M22: 0.34971818
A23: overall average | B23: =AVERAGE(B21:B22) -> 0.31634091 | C23: =AVERAGE(C21:C22) -> 0.42090455 | D23: =AVERAGE(D21:D22) -> 0.26450455 | E23: =AVERAGE(E21:E22) -> 0.27395 | F23: =AVERAGE(F21:F22) -> 0.37749545 | G23: =AVERAGE(G21:G22) -> 0.24346364 | H23: =AVERAGE(H21:H22) -> 0.30302273 | I23: =AVERAGE(I21:I22) -> 0.45038182 | ... M23: =AVERAGE(M21:M22) -> 0.33624545
