Workbook

Sheet gojek
C1: ChatGPT | F1: Gemini | I1: Grok | L1: Perplexity
A2: No | B2: Parameter | C2: Precision | D2: Recall | E2: F1-Score | F2: Precision | G2: Recall | H2: F1-Score | I2: Precision | J2: Recall | K2: F1-Score | L2: Precision | M2: Recall | N2: F1-Score
A3: 1 | B3: Pengirim/pengendali data | C3: 0.3571 | D3: 1 | E3: 0.5263 | F3: 0.5 | G3: 1 | H3: 0.6667 | I3: 0.5 | J3: 1 | K3: 0.6667 | L3: 0.25 | M3: 1 | N3: 0.4
A4: 2 | B4: Penerima/prosesor data | C4: 0.1957 | D4: 0.2143 | E4: 0.2045 | F4: 0.525 | G4: 1 | H4: 0.6885 | I4: 0.2558 | J4: 0.2619 | K4: 0.2588 | L4: 0.4615 | M4: 0.4286 | N4: 0.4444
A5: 3 | B5: Subjek data | C5: 0.2143 | D5: 1 | E5: 0.3529 | F5: 0.1667 | G5: 1 | H5: 0.2857 | I5: 0.1364 | J5: 1 | K5: 0.24 | L5: 0.1364 | M5: 1 | N5: 0.24
A6: 4 | B6: Prinsip Transmisi | C6: 0.193 | D6: 0.234 | E6: 0.2115 | F6: 0.1111 | G6: 0.2979 | H6: 0.1618 | I6: 0.4516 | J6: 0.8936 | K6: 0.6 | L6: 0.6667 | M6: 0.6809 | N6: 0.6737
A7: 5 | B7: Legalitas dari Pemrosesan Data Pribadi | C7: 0.25 | D7: 0.1622 | E7: 0.1967 | F7: 0.2222 | G7: 0.2162 | H7: 0.2192 | I7: 0.0862 | J7: 0.1351 | K7: 0.1053 | L7: 0.6 | M7: 0.2432 | N7: 0.3462
A8: 6 | B8: Tujuan Pemrosesan Data Pribadi | C8: 0.2353 | D8: 0.4138 | E8: 0.3 | F8: 0.0805 | G8: 0.4828 | H8: 0.1379 | I8: 0.1628 | J8: 0.2414 | K8: 0.1944 | L8: 0.2 | M8: 0.2759 | N8: 0.2319
A9: 7 | B9: Jenis dan Relevansi Data Pribadi yang akan diproses | C9: 0.4167 | D9: 0.1639 | E9: 0.2353 | F9: 0.1806 | G9: 0.2131 | H9: 0.1955 | I9: 0.2192 | J9: 0.1311 | K9: 0.1641 | L9: 0.3478 | M9: 0.0656 | N9: 0.1103
A10: 8 | B10: Jangka Waktu Retensi Dokumen yang Memuat Data Pribadi | C10: 1 | D10: 0.5909 | E10: 0.7429 | F10: 1 | G10: 1 | H10: 1 | I10: 1 | J10: 1 | K10: 1 | L10: 0.5821 | M10: 0.8864 | N10: 0.7027
A11: 9 | B11: Rincian Mengenai Informasi yang Dikumpulkan | C11: 0 | D11: 0 | E11: 0 | F11: 0 | G11: 0 | H11: 0 | I11: 0 | J11: 0 | K11: 0 | L11: 0 | M11: 0 | N11: 0
A12: 10 | B12: Jangka Waktu Pemrosesan Data Pribadi | C12: 1 | D12: 0.5484 | E12: 0.7083 | F12: 1 | G12: 0.8065 | H12: 0.8929 | I12: 1 | J12: 0.8065 | K12: 0.8929 | L12: 1 | M12: 0.8065 | N12: 0.8929
A13: 11 | B13: Hak Subjek Data Pribadi | C13: 0.7391 | D13: 0.68 | E13: 0.7083 | F13: 0.6944 | G13: 1 | H13: 0.8197 | I13: 0.4086 | J13: 0.76 | K13: 0.5315 | L13: 0.8511 | M13: 0.8 | N13: 0.8247
A14: Average | C14: =AVERAGE(C3:C13) -> 0.41829091 | D14: =AVERAGE(D3:D13) -> 0.45522727 | E14: =AVERAGE(E3:E13) -> 0.38060909 | F14: =AVERAGE(F3:F13) -> 0.40731818 | G14: =AVERAGE(G3:G13) -> 0.63786364 | H14: =AVERAGE(H3:H13) -> 0.46071818 | I14: =AVERAGE(I3:I13) -> 0.38369091 | J14: =AVERAGE(J3:J13) -> 0.56632727 | ... N14: =AVERAGE(N3:N13) -> 0.44243636

Sheet grab
C1: ChatGPT | F1: Gemini | I1: Grok | L1: Perplexity
A2: No | B2: Parameter | C2: Precision | D2: Recall | E2: F1-Score | F2: Precision | G2: Recall | H2: F1-Score | I2: Precision | J2: Recall | K2: F1-Score | L2: Precision | M2: Recall | N2: F1-Score
A3: 1 | B3: Pengirim/pengendali data | C3: 0.3333 | D3: 1 | E3: 0.5 | F3: 0.069 | G3: 0.6667 | H3: 0.125 | I3: 0.1429 | J3: 1 | K3: 0.25 | L3: 0.1111 | M3: 1 | N3: 0.2
A4: 2 | B4: Penerima/prosesor data | C4: 0.5417 | D4: 0.0992 | E4: 0.1677 | F4: 0.3103 | G4: 0.1374 | H4: 0.1905 | I4: 1 | J4: 0.3359 | K4: 0.5029 | L4: 0.8974 | M4: 0.2672 | N4: 0.4118
A5: 3 | B5: Subjek data | C5: 0 | D5: 0 | E5: 0 | F5: 0.037 | G5: 1 | H5: 0.0714 | I5: 0.05 | J5: 1 | K5: 0.0952 | L5: 0 | M5: 0 | N5: 0
A6: 4 | B6: Prinsip Transmisi | C6: 0.0588 | D6: 0.1 | E6: 0.0741 | F6: 0.1395 | G6: 0.6 | H6: 0.2264 | I6: 0.0526 | J6: 0.3 | K6: 0.0896 | L6: 0.119 | M6: 1 | N6: 0.2128
A7: 5 | B7: Legalitas dari Pemrosesan Data Pribadi | C7: 0.5 | D7: 0.1818 | E7: 0.2667 | F7: 0.2308 | G7: 0.4545 | H7: 0.3061 | I7: 1 | J7: 1 | K7: 1 | L7: 0.9355 | M7: 0.8788 | N7: 0.9063
A8: 6 | B8: Tujuan Pemrosesan Data Pribadi | C8: 0.7368 | D8: 0.0468 | E8: 0.0881 | F8: 0.4444 | G8: 0.0803 | H8: 0.136 | I8: 0.3148 | J8: 0.0569 | K8: 0.0963 | L8: 0.3571 | M8: 0.0334 | N8: 0.0612
A9: 7 | B9: Jenis dan Relevansi Data Pribadi yang akan diproses | C9: 0.1818 | D9: 0.2222 | E9: 0.2 | F9: 0.0508 | G9: 0.1667 | H9: 0.0779 | I9: 0.0441 | J9: 0.1667 | K9: 0.0698 | L9: 0.0667 | M9: 0.1111 | N9: 0.0833
A10: 8 | B10: Jangka Waktu Retensi Dokumen yang Memuat Data Pribadi | C10: 0.7368 | D10: 0.1918 | E10: 0.3043 | F10: 0.3519 | G10: 0.2603 | H10: 0.2992 | I10: 0.2041 | J10: 0.137 | K10: 0.1639 | L10: 1 | M10: 0.6301 | N10: 0.7731
A11: 9 | B11: Rincian Mengenai Informasi yang Dikumpulkan | C11: 0 | D11: 0 | E11: 0 | F11: 0 | G11: 0 | H11: 0 | I11: 0 | J11: 0 | K11: 0 | L11: 0 | M11: 0 | N11: 0
A12: 10 | B12: Jangka Waktu Pemrosesan Data Pribadi | C12: 0 | D12: 0 | E12: 0 | F12: 0 | G12: 0 | H12: 0 | I12: 0 | J12: 0 | K12: 0 | L12: 0 | M12: 0 | N12: 0
A13: 11 | B13: Hak Subjek Data Pribadi | C13: 0.4706 | D13: 0.1143 | E13: 0.1839 | F13: 0.4571 | G13: 0.2286 | H13: 0.3048 | I13: 1 | J13: 0.8286 | K13: 0.9063 | L13: 0.9697 | M13: 0.4571 | N13: 0.6214
A14: Average | C14: =AVERAGE(C3:C13) -> 0.32361818 | D14: =AVERAGE(D3:D13) -> 0.17782727 | E14: =AVERAGE(E3:E13) -> 0.16225455 | F14: =AVERAGE(F3:F13) -> 0.19007273 | G14: =AVERAGE(G3:G13) -> 0.32677273 | H14: =AVERAGE(H3:H13) -> 0.15793636 | I14: =AVERAGE(I3:I13) -> 0.34622727 | J14: =AVERAGE(J3:J13) -> 0.43864545 | ... N14: =AVERAGE(N3:N13) -> 0.29726364

Sheet indrive
C1: ChatGPT | F1: Gemini | I1: Grok | L1: Perplexity
A2: No | B2: Parameter | C2: Precision | D2: Recall | E2: F1-Score | F2: Precision | G2: Recall | H2: F1-Score | I2: Precision | J2: Recall | K2: F1-Score | L2: Precision | M2: Recall | N2: F1-Score
A3: 1 | B3: Pengirim/pengendali data | C3: 0.25 | D3: 1 | E3: 0.4 | F3: 0 | G3: 0 | H3: 0 | I3: 0.1071 | J3: 1 | K3: 0.1935 | L3: 0.1154 | M3: 1 | N3: 0.2069
A4: 2 | B4: Penerima/prosesor data | C4: 0.069 | D4: 0.5 | E4: 0.1212 | F4: 0 | G4: 0 | H4: 0 | I4: 0.0147 | J4: 0.25 | K4: 0.0278 | L4: 0.08 | M4: 0.5 | N4: 0.1379
A5: 3 | B5: Subjek data | C5: 0.04 | D5: 1 | E5: 0.0769 | F5: 0 | G5: 0 | H5: 0 | I5: 0.0303 | J5: 1 | K5: 0.0588 | L5: 0.0323 | M5: 1 | N5: 0.0625
A6: 4 | B6: Prinsip Transmisi | C6: 0.3846 | D6: 0.5357 | E6: 0.4478 | F6: 0.2041 | G6: 0.3571 | H6: 0.2597 | I6: 0.3294 | J6: 1 | K6: 0.4956 | L6: 0.5 | M6: 0.9286 | N6: 0.65
A7: 5 | B7: Legalitas dari Pemrosesan Data Pribadi | C7: 0.1111 | D7: 0.2941 | E7: 0.1613 | F7: 0.1364 | G7: 0.3529 | H7: 0.1967 | I7: 0.0615 | J7: 0.2353 | K7: 0.0976 | L7: 0.1379 | M7: 0.2353 | N7: 0.1739
A8: 6 | B8: Tujuan Pemrosesan Data Pribadi | C8: 0.0952 | D8: 0.2857 | E8: 0.1429 | F8: 0.0488 | G8: 0.2857 | H8: 0.0833 | I8: 0.1842 | J8: 0.5 | K8: 0.2692 | L8: 0.0652 | M8: 0.2143 | N8: 0.1
A9: 7 | B9: Jenis dan Relevansi Data Pribadi yang akan diproses | C9: 0.1549 | D9: 0.4074 | E9: 0.2245 | F9: 0.0789 | G9: 0.2222 | H9: 0.1165 | I9: 0.0588 | J9: 0.1481 | K9: 0.0842 | L9: 0.1304 | M9: 0.1111 | N9: 0.12
A10: 8 | B10: Jangka Waktu Retensi Dokumen yang Memuat Data Pribadi | C10: 0.8333 | D10: 0.2521 | E10: 0.3871 | F10: 0.3125 | G10: 0.1681 | H10: 0.2186 | I10: 0.3846 | J10: 0.1681 | K10: 0.2339 | L10: 0.3333 | M10: 0.0756 | N10: 0.1233
A11: 9 | B11: Rincian Mengenai Informasi yang Dikumpulkan | C11: 0 | D11: 0 | E11: 0 | F11: 0 | G11: 0 | H11: 0 | I11: 0 | J11: 0 | K11: 0 | L11: 0 | M11: 0 | N11: 0
A12: 10 | B12: Jangka Waktu Pemrosesan Data Pribadi | C12: 0 | D12: 0 | E12: 0 | F12: 0 | G12: 0 | H12: 0 | I12: 0 | J12: 0 | K12: 0 | L12: 0 | M12: 0 | N12: 0
A13: 11 | B13: Hak Subjek Data Pribadi | C13: 0.4048 | D13: 0.6538 | E13: 0.5 | F13: 0.2 | G13: 0.2692 | H13: 0.2295 | I13: 0.619 | J13: 1 | K13: 0.7647 | L13: 0.4348 | M13: 0.3846 | N13: 0.4082
A14: Average | C14: =AVERAGE(C3:C13) -> 0.21299091 | D14: =AVERAGE(D3:D13) -> 0.44807273 | E14: =AVERAGE(E3:E13) -> 0.22379091 | F14: =AVERAGE(F3:F13) -> 0.089154545 | G14: =AVERAGE(G3:G13) -> 0.15047273 | H14: =AVERAGE(H3:H13) -> 0.10039091 | I14: =AVERAGE(I3:I13) -> 0.16269091 | J14: =AVERAGE(J3:J13) -> 0.48195455 | ... N14: =AVERAGE(N3:N13) -> 0.18024545

Sheet mybluebird
C1: ChatGPT | F1: Gemini | I1: Grok | L1: Perplexity
A2: No | B2: Parameter | C2: Precision | D2: Recall | E2: F1-Score | F2: Precision | G2: Recall | H2: F1-Score | I2: Precision | J2: Recall | K2: F1-Score | L2: Precision | M2: Recall | N2: F1-Score
A3: 1 | B3: Pengirim/pengendali data | C3: 0.2857 | D3: 1 | E3: 0.4444 | F3: 0.2857 | G3: 1 | H3: 0.4444 | I3: 0.3077 | J3: 1 | K3: 0.4706 | L3: 0.2105 | M3: 1 | N3: 0.3478
A4: 2 | B4: Penerima/prosesor data | C4: 0.377 | D4: 0.7188 | E4: 0.4946 | F4: 0.1429 | G4: 0.2188 | H4: 0.1728 | I4: 0.5079 | J4: 1 | K4: 0.6737 | L4: 0.7188 | M4: 0.7188 | N4: 0.7188
A5: 3 | B5: Subjek data | C5: 0.0556 | D5: 1 | E5: 0.1053 | F5: 0.0385 | G5: 1 | H5: 0.0741 | I5: 0.0714 | J5: 1 | K5: 0.1333 | L5: 0.05 | M5: 1 | N5: 0.0952
A6: 4 | B6: Prinsip Transmisi | C6: 0 | D6: 0 | E6: 0 | F6: 0 | G6: 0 | H6: 0 | I6: 0 | J6: 0 | K6: 0 | L6: 0 | M6: 0 | N6: 0
A7: 5 | B7: Legalitas dari Pemrosesan Data Pribadi | C7: 0.25 | D7: 0.0667 | E7: 0.1053 | F7: 0.2667 | G7: 0.2 | H7: 0.2286 | I7: 0.1778 | J7: 0.1333 | K7: 0.1524 | L7: 0.3191 | M7: 0.25 | N7: 0.2804
A8: 6 | B8: Tujuan Pemrosesan Data Pribadi | C8: 0.8696 | D8: 0.5128 | E8: 0.6452 | F8: 0.2647 | G8: 0.1538 | H8: 0.1946 | I8: 0.7647 | J8: 0.5556 | K8: 0.6436 | L8: 0.6957 | M8: 0.1368 | N8: 0.2286
A9: 7 | B9: Jenis dan Relevansi Data Pribadi yang akan diproses | C9: 1 | D9: 0.35 | E9: 0.5185 | F9: 0.2063 | G9: 0.2167 | H9: 0.2114 | I9: 0.8478 | J9: 0.65 | K9: 0.7358 | L9: 0.7241 | M9: 0.35 | N9: 0.4719
A10: 8 | B10: Jangka Waktu Retensi Dokumen yang Memuat Data Pribadi | C10: 1 | D10: 0.6897 | E10: 0.8163 | F10: 0.4038 | G10: 0.7241 | H10: 0.5185 | I10: 1 | J10: 1 | K10: 1 | L10: 1 | M10: 1 | N10: 1
A11: 9 | B11: Rincian Mengenai Informasi yang Dikumpulkan | C11: 0 | D11: 0 | E11: 0 | F11: 0 | G11: 0 | H11: 0 | I11: 0 | J11: 0 | K11: 0 | L11: 0 | M11: 0 | N11: 0
A12: 10 | B12: Jangka Waktu Pemrosesan Data Pribadi | C12: 1 | D12: 0.4828 | E12: 0.6512 | F12: 0.5263 | G12: 0.3448 | H12: 0.4167 | I12: 1 | J12: 0.6552 | K12: 0.7917 | L12: 0.3529 | M12: 0.2069 | N12: 0.2609
A13: 11 | B13: Hak Subjek Data Pribadi | C13: 0.52 | D13: 0.2167 | E13: 0.3059 | F13: 0.6296 | G13: 0.2833 | H13: 0.3908 | I13: 0.3729 | J13: 0.3667 | K13: 0.3697 | L13: 0.7917 | M13: 0.3167 | N13: 0.4524
A14: Average | C14: =AVERAGE(C3:C13) -> 0.48708182 | D14: =AVERAGE(D3:D13) -> 0.45795455 | E14: =AVERAGE(E3:E13) -> 0.37151818 | F14: =AVERAGE(F3:F13) -> 0.25131818 | G14: =AVERAGE(G3:G13) -> 0.3765 | H14: =AVERAGE(H3:H13) -> 0.24108182 | I14: =AVERAGE(I3:I13) -> 0.45910909 | J14: =AVERAGE(J3:J13) -> 0.57825455 | ... N14: =AVERAGE(N3:N13) -> 0.35054545

Sheet average
B1: ChatGPT | E1: Gemini | H1: Grok | K1: Perplexity
B2: Precision | C2: Recall | D2: F1-Score | E2: Precision | F2: Recall | G2: F1-Score | H2: Precision | I2: Recall | J2: F1-Score | K2: Precision | L2: Recall | M2: F1-Score
A3: gojek | B3: =gojek!C14 -> 0.41829091 | C3: =gojek!D14 -> 0.45522727 | D3: =gojek!E14 -> 0.38060909 | E3: =gojek!F14 -> 0.40731818 | F3: =gojek!G14 -> 0.63786364 | G3: =gojek!H14 -> 0.46071818 | H3: =gojek!I14 -> 0.38369091 | I3: =gojek!J14 -> 0.56632727 | ... M3: =gojek!N14 -> 0.44243636
A4: grab | B4: =grab!C14 -> 0.32361818 | C4: =grab!D14 -> 0.17782727 | D4: =grab!E14 -> 0.16225455 | E4: =grab!F14 -> 0.19007273 | F4: =grab!G14 -> 0.32677273 | G4: =grab!H14 -> 0.15793636 | H4: =grab!I14 -> 0.34622727 | I4: =grab!J14 -> 0.43864545 | ... M4: =grab!N14 -> 0.29726364
A5: indrive | B5: =indrive!C14 -> 0.21299091 | C5: =indrive!D14 -> 0.44807273 | D5: =indrive!E14 -> 0.22379091 | E5: =indrive!F14 -> 0.089154545 | F5: =indrive!G14 -> 0.15047273 | G5: =indrive!H14 -> 0.10039091 | H5: =indrive!I14 -> 0.16269091 | I5: =indrive!J14 -> 0.48195455 | ... M5: =indrive!N14 -> 0.18024545
A6: mybluebird | B6: =mybluebird!C14 -> 0.48708182 | C6: =mybluebird!D14 -> 0.45795455 | D6: =mybluebird!E14 -> 0.37151818 | E6: =mybluebird!F14 -> 0.25131818 | F6: =mybluebird!G14 -> 0.3765 | G6: =mybluebird!H14 -> 0.24108182 | H6: =mybluebird!I14 -> 0.45910909 | I6: =mybluebird!J14 -> 0.57825455 | ... M6: =mybluebird!N14 -> 0.35054545

Sheet Sheet2
C2: F1-Score
C3: ChatGPT | D3: Gemini | E3: Grok | F3: Perplexity
A4: BCA | B4: Pengirim/pengendali data | C4: 1 | D4: 1
A5: BCA | B5: Penerima/prosesor data | C5: 0.2593 | D5: 0.3846
A6: BCA | B6: Subjek data | C6: 0.8182 | D6: 0.7156
A7: BCA | B7: Prinsip Transmisi | C7: 0.2051 | D7: 0.1282
A8: BCA | B8: Legalitas dari Pemrosesan Data Pribadi | C8: 0.6038 | D8: 0.7419
A9: BCA | B9: Tujuan Pemrosesan Data Pribadi | C9: 1 | D9: 1
A10: BCA | B10: Jenis dan Relevansi Data Pribadi yang akan diproses | C10: 0.6349 | D10: 0.1404
A11: BCA | B11: Jangka Waktu Retensi Dokumen yang Memuat Data Pribadi | C11: 0.5294 | D11: 0.7308
A12: BCA | B12: Rincian Mengenai Informasi yang Dikumpulkan | C12: 0.5263 | D12: 0.9438
A13: BCA | B13: Jangka Waktu Pemrosesan Data Pribadi | C13: 1 | D13: 0
A14: BCA | B14: Hak Subjek Data Pribadi | C14: 0.5714 | D14: 0.3158
C15: 0.6499 | D15: 0.5546
A16: BNI | B16: Pengirim/pengendali data
A17: BNI | B17: Penerima/prosesor data
A18: BNI | B18: Subjek data
A19: BNI | B19: Prinsip Transmisi
A20: BNI | B20: Legalitas dari Pemrosesan Data Pribadi
A21: BNI | B21: Tujuan Pemrosesan Data Pribadi
A22: BNI | B22: Jenis dan Relevansi Data Pribadi yang akan diproses
A23: BNI | B23: Jangka Waktu Retensi Dokumen yang Memuat Data Pribadi
A24: BNI | B24: Rincian Mengenai Informasi yang Dikumpulkan
A25: BNI | B25: Jangka Waktu Pemrosesan Data Pribadi
A26: BNI | B26: Hak Subjek Data Pribadi
A28: BRI | B28: Pengirim/pengendali data
... A362: mybluebird | B362: Hak Subjek Data Pribadi
