Workbook

Sheet Average (2)
A1: Bank Average Score
B2: ChatGPT | E2: Gemini | H2: Grok | K2: Perplexity
B3: Precision | C3: Recall | D3: F1-Score | E3: Precision | F3: Recall | G3: F1-Score | H3: Precision | I3: Recall | J3: F1-Score | K3: Precision | L3: Recall | M3: F1-Score
A4: BCA | B4: =BCA!C14 -> 0.7044 | C4: =BCA!D14 -> 0.6751 | D4: =BCA!E14 -> 0.6499 | E4: =BCA!F14 -> 0.4897 | F4: =BCA!G14 -> 0.741 | G4: =BCA!H14 -> 0.5546 | H4: =BCA!I14 -> 0.5193 | I4: =BCA!J14 -> 0.7466 | ... M4: =BCA!N14 -> 0.4754
A5: BNI | B5: =BNI!C14 -> 0.30141818 | C5: =BNI!D14 -> 0.50822727 | D5: =BNI!E14 -> 0.35950909 | E5: =BNI!F14 -> 0.20495455 | F5: =BNI!G14 -> 0.68143636 | G5: =BNI!H14 -> 0.29211818 | H5: =BNI!I14 -> 0.25757273 | I5: =BNI!J14 -> 0.60409091 | ... M5: =BNI!N14 -> 0.30087273
A6: BRI | B6: =BRI!C14 -> 0.53617273 | C6: =BRI!D14 -> 0.53878182 | D6: =BRI!E14 -> 0.48281818 | E6: =BRI!F14 -> 0.24666364 | F6: =BRI!G14 -> 0.28440909 | G6: =BRI!H14 -> 0.23882727 | H6: =BRI!I14 -> 0.57648182 | I6: =BRI!J14 -> 0.71128182 | ... M6: =BRI!N14 -> 0.38132727
A7: BSI | B7: =BSI!C14 -> 0.50380909 | C7: =BSI!D14 -> 0.60359091 | D7: =BSI!E14 -> 0.44007273 | E7: =BSI!F14 -> 0.29982727 | F7: =BSI!G14 -> 0.44533636 | G7: =BSI!H14 -> 0.30003636 | H7: =BSI!I14 -> 0.50108182 | I7: =BSI!J14 -> 0.73187273 | ... M7: =BSI!N14 -> 0.32742727
A8: BTN | B8: =BTN!C14 -> 0.29634545 | C8: =BTN!D14 -> 0.48725455 | D8: =BTN!E14 -> 0.33331818 | E8: =BTN!F14 -> 0.40999091 | F8: =BTN!G14 -> 0.61879091 | G8: =BTN!H14 -> 0.40724545 | H8: =BTN!I14 -> 0.2771 | I8: =BTN!J14 -> 0.43871818 | ... M8: =BTN!N14 -> 0.24750909
A9: Danamon | B9: =Danamon!C14 -> 0.43872727 | C9: =Danamon!D14 -> 0.40382727 | D9: =Danamon!E14 -> 0.31030909 | E9: =Danamon!F14 -> 0.29490909 | F9: =Danamon!G14 -> 0.27674545 | G9: =Danamon!H14 -> 0.22842727 | H9: =Danamon!I14 -> 0.28939091 | I9: =Danamon!J14 -> 0.31713636 | ... M9: =Danamon!N14 -> 0.24639091
A10: DBS | B10: =DBS!C14 -> 0.44229091 | C10: =DBS!D14 -> 0.56268182 | D10: =DBS!E14 -> 0.46175455 | E10: =DBS!F14 -> 0.16962727 | F10: =DBS!G14 -> 0.39243636 | G10: =DBS!H14 -> 0.21534545 | H10: =DBS!I14 -> 0.39448182 | I10: =DBS!J14 -> 0.56671818 | ... M10: =DBS!N14 -> 0.47737273
A11: Jago | B11: =Jago!C14 -> 0.27102727 | C11: =Jago!D14 -> 0.209 | D11: =Jago!E14 -> 0.1949 | E11: =Jago!F14 -> 0.30379091 | F11: =Jago!G14 -> 0.37126364 | G11: =Jago!H14 -> 0.30437273 | H11: =Jago!I14 -> 0.38075455 | I11: =Jago!J14 -> 0.47079091 | ... M11: =Jago!N14 -> 0.20219091
A12: Mandiri | B12: =Mandiri!C14 -> 0.45685455 | C12: =Mandiri!D14 -> 0.42978182 | D12: =Mandiri!E14 -> 0.40517273 | E12: =Mandiri!F14 -> 0.34117273 | F12: =Mandiri!G14 -> 0.46171818 | G12: =Mandiri!H14 -> 0.37967273 | H12: =Mandiri!I14 -> 0.38784545 | I12: =Mandiri!J14 -> 0.45190909 | ... M12: =Mandiri!N14 -> 0.25621818
A13: Maybank | B13: =Maybank!C14 -> 0.40406364 | C13: =Maybank!D14 -> 0.4013 | D13: =Maybank!E14 -> 0.34090909 | E13: =Maybank!F14 -> 0.32469091 | F13: =Maybank!G14 -> 0.28999091 | G13: =Maybank!H14 -> 0.28670909 | H13: =Maybank!I14 -> 0.32060909 | I13: =Maybank!J14 -> 0.3176 | ... M13: =Maybank!N14 -> 0.26016364
A14: Overall Average | B14: =AVERAGE(B4:B13) -> 0.43551091 | C14: =AVERAGE(C4:C13) -> 0.48195455 | D14: =AVERAGE(D4:D13) -> 0.39786636 | E14: =AVERAGE(E4:E13) -> 0.30853273 | F14: =AVERAGE(F4:F13) -> 0.45631273 | G14: =AVERAGE(G4:G13) -> 0.32073545 | H14: =AVERAGE(H4:H13) -> 0.39046182 | I14: =AVERAGE(I4:I13) -> 0.53567182 | ... M14: =AVERAGE(M4:M13) -> 0.31748727
B37: ChatGPT | E37: Gemini | H37: Grok | K37: Perplexity
B38: Precision | C38: Recall | D38: F1-Score | E38: Precision | F38: Recall | G38: F1-Score | H38: Precision | I38: Recall | J38: F1-Score | K38: Precision | L38: Recall | M38: F1-Score
A39: BCA | B39: 0.7044 | C39: 0.6751 | D39: 0.6499 | E39: 0.4897 | F39: 0.741 | G39: 0.5546 | H39: 0.5193 | I39: 0.7466 | J39: 0.5626 | K39: 0.4081 | L39: 0.6921 | M39: 0.4754
A40: BNI | B40: 0.30141818 | C40: 0.50822727 | D40: 0.35950909 | E40: 0.20495455 | F40: 0.68143636 | G40: 0.29211818 | H40: 0.25757273 | I40: 0.60409091 | J40: 0.33041818 | K40: 0.2157 | L40: 0.59682727 | M40: 0.30087273
A41: BRI | B41: 0.53617273 | C41: 0.53878182 | D41: 0.48281818 | E41: 0.24666364 | F41: 0.28440909 | G41: 0.23882727 | H41: 0.57648182 | I41: 0.71128182 | J41: 0.57682727 | K41: 0.37513636 | L41: 0.56038182 | M41: 0.38132727
A42: BSI | B42: 0.50380909 | C42: 0.60359091 | D42: 0.44007273 | E42: 0.29982727 | F42: 0.44533636 | G42: 0.30003636 | H42: 0.50108182 | I42: 0.73187273 | J42: 0.50089091 | K42: 0.33114545 | L42: 0.5732 | M42: 0.32742727
A43: BTN | B43: 0.29634545 | C43: 0.48725455 | D43: 0.33331818 | E43: 0.40999091 | F43: 0.61879091 | G43: 0.40724545 | H43: 0.2771 | I43: 0.43871818 | J43: 0.27971818 | K43: 0.24005455 | L43: 0.42158182 | M43: 0.24750909
A44: Overall Average | B44: =AVERAGE(B39:B43) -> 0.46842909 | C44: =AVERAGE(C39:C43) -> 0.56259091 | D44: =AVERAGE(D39:D43) -> 0.45312364 | E44: =AVERAGE(E39:E43) -> 0.33022727 | F44: =AVERAGE(F39:F43) -> 0.55419455 | G44: =AVERAGE(G39:G43) -> 0.35856545 | H44: =AVERAGE(H39:H43) -> 0.42630727 | I44: =AVERAGE(I39:I43) -> 0.64651273 | ... M44: =AVERAGE(M39:M43) -> 0.34650727

Sheet Average
A1: Bank Average Score
B2: ChatGPT | E2: Gemini | H2: Grok | K2: Perplexity
B3: Precision | C3: Recall | D3: F1-Score | E3: Precision | F3: Recall | G3: F1-Score | H3: Precision | I3: Recall | J3: F1-Score | K3: Precision | L3: Recall | M3: F1-Score
A4: BCA | B4: =BCA!C14 -> 0.7044 | C4: =BCA!D14 -> 0.6751 | D4: =BCA!E14 -> 0.6499 | E4: =BCA!F14 -> 0.4897 | F4: =BCA!G14 -> 0.741 | G4: =BCA!H14 -> 0.5546 | H4: =BCA!I14 -> 0.5193 | I4: =BCA!J14 -> 0.7466 | ... M4: =BCA!N14 -> 0.4754
A5: BNI | B5: =BNI!C14 -> 0.30141818 | C5: =BNI!D14 -> 0.50822727 | D5: =BNI!E14 -> 0.35950909 | E5: =BNI!F14 -> 0.20495455 | F5: =BNI!G14 -> 0.68143636 | G5: =BNI!H14 -> 0.29211818 | H5: =BNI!I14 -> 0.25757273 | I5: =BNI!J14 -> 0.60409091 | ... M5: =BNI!N14 -> 0.30087273
A6: BRI | B6: =BRI!C14 -> 0.53617273 | C6: =BRI!D14 -> 0.53878182 | D6: =BRI!E14 -> 0.48281818 | E6: =BRI!F14 -> 0.24666364 | F6: =BRI!G14 -> 0.28440909 | G6: =BRI!H14 -> 0.23882727 | H6: =BRI!I14 -> 0.57648182 | I6: =BRI!J14 -> 0.71128182 | ... M6: =BRI!N14 -> 0.38132727
A7: BSI | B7: =BSI!C14 -> 0.50380909 | C7: =BSI!D14 -> 0.60359091 | D7: =BSI!E14 -> 0.44007273 | E7: =BSI!F14 -> 0.29982727 | F7: =BSI!G14 -> 0.44533636 | G7: =BSI!H14 -> 0.30003636 | H7: =BSI!I14 -> 0.50108182 | I7: =BSI!J14 -> 0.73187273 | ... M7: =BSI!N14 -> 0.32742727
A8: BTN | B8: =BTN!C14 -> 0.29634545 | C8: =BTN!D14 -> 0.48725455 | D8: =BTN!E14 -> 0.33331818 | E8: =BTN!F14 -> 0.40999091 | F8: =BTN!G14 -> 0.61879091 | G8: =BTN!H14 -> 0.40724545 | H8: =BTN!I14 -> 0.2771 | I8: =BTN!J14 -> 0.43871818 | ... M8: =BTN!N14 -> 0.24750909
A9: Danamon | B9: =Danamon!C14 -> 0.43872727 | C9: =Danamon!D14 -> 0.40382727 | D9: =Danamon!E14 -> 0.31030909 | E9: =Danamon!F14 -> 0.29490909 | F9: =Danamon!G14 -> 0.27674545 | G9: =Danamon!H14 -> 0.22842727 | H9: =Danamon!I14 -> 0.28939091 | I9: =Danamon!J14 -> 0.31713636 | ... M9: =Danamon!N14 -> 0.24639091
A10: DBS | B10: =DBS!C14 -> 0.44229091 | C10: =DBS!D14 -> 0.56268182 | D10: =DBS!E14 -> 0.46175455 | E10: =DBS!F14 -> 0.16962727 | F10: =DBS!G14 -> 0.39243636 | G10: =DBS!H14 -> 0.21534545 | H10: =DBS!I14 -> 0.39448182 | I10: =DBS!J14 -> 0.56671818 | ... M10: =DBS!N14 -> 0.47737273
A11: Jago | B11: =Jago!C14 -> 0.27102727 | C11: =Jago!D14 -> 0.209 | D11: =Jago!E14 -> 0.1949 | E11: =Jago!F14 -> 0.30379091 | F11: =Jago!G14 -> 0.37126364 | G11: =Jago!H14 -> 0.30437273 | H11: =Jago!I14 -> 0.38075455 | I11: =Jago!J14 -> 0.47079091 | ... M11: =Jago!N14 -> 0.20219091
A12: Mandiri | B12: =Mandiri!C14 -> 0.45685455 | C12: =Mandiri!D14 -> 0.42978182 | D12: =Mandiri!E14 -> 0.40517273 | E12: =Mandiri!F14 -> 0.34117273 | F12: =Mandiri!G14 -> 0.46171818 | G12: =Mandiri!H14 -> 0.37967273 | H12: =Mandiri!I14 -> 0.38784545 | I12: =Mandiri!J14 -> 0.45190909 | ... M12: =Mandiri!N14 -> 0.25621818
A13: Maybank | B13: =Maybank!C14 -> 0.40406364 | C13: =Maybank!D14 -> 0.4013 | D13: =Maybank!E14 -> 0.34090909 | E13: =Maybank!F14 -> 0.32469091 | F13: =Maybank!G14 -> 0.28999091 | G13: =Maybank!H14 -> 0.28670909 | H13: =Maybank!I14 -> 0.32060909 | I13: =Maybank!J14 -> 0.3176 | ... M13: =Maybank!N14 -> 0.26016364

Sheet BCA
C1: ChatGPT | F1: Gemini | I1: Grok | L1: Perplexity
A2: No | B2: Parameter | C2: Precision | D2: Recall | E2: F1-Score | F2: Precision | G2: Recall | H2: F1-Score | I2: Precision | J2: Recall | K2: F1-Score | L2: Precision | M2: Recall | N2: F1-Score
A3: 1 | B3: Pengirim/pengendali data | C3: 1 | D3: 1 | E3: 1 | F3: 1 | G3: 1 | H3: 1 | I3: 0.3333 | J3: 1 | K3: 0.5 | L3: 0.3158 | M3: 1 | N3: 0.48
A4: 2 | B4: Penerima/prosesor data | C4: 0.1795 | D4: 0.4667 | E4: 0.2593 | F4: 0.2703 | G4: 0.6667 | H4: 0.3846 | I4: 0.3333 | J4: 0.6667 | K4: 0.4444 | L4: 0.15 | M4: 0.6 | N4: 0.24
A5: 3 | B5: Subjek data | C5: 1 | D5: 0.6923 | E5: 0.8182 | F5: 0.5571 | G5: 1 | H5: 0.7156 | I5: 0.8298 | J5: 1 | K5: 0.907 | L5: 1 | M5: 1 | N5: 1
A6: 4 | B6: Prinsip Transmisi | C6: 0.1538 | D6: 0.3077 | E6: 0.2051 | F6: 0.0769 | G6: 0.3846 | H6: 0.1282 | I6: 0 | J6: 0 | K6: 0 | L6: 0.0806 | M6: 0.3846 | N6: 0.1333
A7: 5 | B7: Legalitas dari Pemrosesan Data Pribadi | C7: 0.5333 | D7: 0.6957 | E7: 0.6038 | F7: 0.5897 | G7: 1 | H7: 0.7419 | I7: 0.697 | J7: 1 | K7: 0.8214 | L7: 0.7667 | M7: 1 | N7: 0.8679
A8: 6 | B8: Tujuan Pemrosesan Data Pribadi | C8: 1 | D8: 1 | E8: 1 | F8: 1 | G8: 1 | H8: 1 | I8: 0.725 | J8: 1 | K8: 0.8406 | L8: 0.725 | M8: 1 | N8: 0.8406
A9: 7 | B9: Jenis dan Relevansi Data Pribadi yang akan diproses | C9: 0.8696 | D9: 0.5 | E9: 0.6349 | F9: 0.2353 | G9: 0.1 | H9: 0.1404 | I9: 0.5278 | J9: 0.475 | K9: 0.5 | L9: 0.8333 | M9: 0.875 | N9: 0.8537
A10: 8 | B10: Jangka Waktu Retensi Dokumen yang Memuat Data Pribadi | C10: 0.6 | D10: 0.4737 | E10: 0.5294 | F10: 0.5758 | G10: 1 | H10: 0.7308 | I10: 0.5758 | J10: 1 | K10: 0.7308 | L10: 0.3373 | M10: 0.7368 | N10: 0.4628
A11: 9 | B11: Rincian Mengenai Informasi yang Dikumpulkan | C11: 1 | D11: 0.3571 | E11: 0.5263 | F11: 0.8936 | G11: 1 | H11: 0.9438 | I11: 0.5 | J11: 0.0714 | K11: 0.125 | L11: 0.1373 | M11: 0.0833 | N11: 0.1037
A12: 10 | B12: Jangka Waktu Pemrosesan Data Pribadi | C12: 1 | D12: 1 | E12: 1 | F12: 0 | G12: 0 | H12: 0 | I12: 1 | J12: 1 | K12: 1 | L12: 0 | M12: 0 | N12: 0
A13: 11 | B13: Hak Subjek Data Pribadi | C13: 0.4118 | D13: 0.9333 | E13: 0.5714 | F13: 0.1875 | G13: 1 | H13: 0.3158 | I13: 0.1899 | J13: 1 | K13: 0.3191 | L13: 0.1429 | M13: 0.9333 | N13: 0.2478
A14: Average | C14: 0.7044 | D14: 0.6751 | E14: 0.6499 | F14: 0.4897 | G14: 0.741 | H14: 0.5546 | I14: 0.5193 | J14: 0.7466 | K14: 0.5626 | L14: 0.4081 | M14: 0.6921 | N14: 0.4754

Sheet BNI
C1: ChatGPT | F1: Gemini | I1: Grok | L1: Perplexity
A2: No | B2: Parameter | C2: Precision | D2: Recall | E2: F1-Score | F2: Precision | G2: Recall | H2: F1-Score | I2: Precision | J2: Recall | K2: F1-Score | L2: Precision | M2: Recall | N2: F1-Score
A3: 1 | B3: Pengirim/pengendali data | C3: 0.4286 | D3: 1 | E3: 0.6 | F3: 0.1875 | G3: 1 | H3: 0.3158 | I3: 0.1714 | J3: 1 | K3: 0.2927 | L3: 0.2308 | M3: 1 | N3: 0.375
A4: 2 | B4: Penerima/prosesor data | C4: 0.1333 | D4: 0.4286 | E4: 0.2034 | F4: 0.1707 | G4: 0.5 | H4: 0.2545 | I4: 0.2414 | J4: 0.5 | K4: 0.3256 | L4: 0.1481 | M4: 0.2857 | N4: 0.1951
A5: 3 | B5: Subjek data | C5: 0.4194 | D5: 0.7222 | E5: 0.5306 | F5: 0.3902 | G5: 0.8889 | H5: 0.5424 | I5: 0.3902 | J5: 0.8889 | K5: 0.5424 | L5: 0.2963 | M5: 0.4444 | N5: 0.3556
A6: 4 | B6: Prinsip Transmisi | C6: 0.0263 | D6: 0.1667 | E6: 0.0455 | F6: 0.0104 | G6: 0.1667 | H6: 0.0196 | I6: 0.0095 | J6: 0.1667 | K6: 0.018 | L6: 0.0095 | M6: 0.1667 | N6: 0.018
A7: 5 | B7: Legalitas dari Pemrosesan Data Pribadi | C7: 0.125 | D7: 0.5 | E7: 0.2 | F7: 0.1111 | G7: 1 | H7: 0.2 | I7: 0.1111 | J7: 1 | K7: 0.2 | L7: 0.1111 | M7: 1 | N7: 0.2
A8: 6 | B8: Tujuan Pemrosesan Data Pribadi | C8: 0.18 | D8: 0.2727 | E8: 0.2169 | F8: 0.1774 | G8: 1 | H8: 0.3014 | I8: 0.2121 | J8: 0.4242 | K8: 0.2828 | L8: 0.1807 | M8: 0.4545 | N8: 0.2586
A9: 7 | B9: Jenis dan Relevansi Data Pribadi yang akan diproses | C9: 0.2192 | D9: 0.3265 | E9: 0.2623 | F9: 0.119 | G9: 0.2041 | H9: 0.1504 | I9: 0.28 | J9: 0.1429 | K9: 0.1892 | L9: 0.3592 | M9: 0.7551 | N9: 0.4868
A10: 8 | B10: Jangka Waktu Retensi Dokumen yang Memuat Data Pribadi | C10: 0.6667 | D10: 0.6154 | E10: 0.64 | F10: 0.7222 | G10: 1 | H10: 0.8387 | I10: 0.7222 | J10: 1 | K10: 0.8387 | L10: 0.3086 | M10: 0.9615 | N10: 0.4673
A11: 9 | B11: Rincian Mengenai Informasi yang Dikumpulkan | C11: 0.1111 | D11: 0.375 | E11: 0.1714 | F11: 0.0238 | G11: 0.375 | H11: 0.0448 | I11: 0.1667 | J11: 0.25 | K11: 0.2 | L11: 0.0789 | M11: 0.375 | N11: 0.1304
A12: 10 | B12: Jangka Waktu Pemrosesan Data Pribadi | C12: 0.7333 | D12: 0.9167 | E12: 0.8148 | F12: 0.2115 | G12: 0.9167 | H12: 0.3437 | I12: 0.3548 | J12: 0.9167 | K12: 0.5116 | L12: 0.4762 | M12: 0.8333 | N12: 0.6061
A13: 11 | B13: Hak Subjek Data Pribadi | C13: 0.2727 | D13: 0.2667 | E13: 0.2697 | F13: 0.1307 | G13: 0.4444 | H13: 0.202 | I13: 0.1739 | J13: 0.3556 | K13: 0.2336 | L13: 0.1733 | M13: 0.2889 | N13: 0.2167
A14: Average | C14: =AVERAGE(C3:C13) -> 0.30141818 | D14: =AVERAGE(D3:D13) -> 0.50822727 | E14: =AVERAGE(E3:E13) -> 0.35950909 | F14: =AVERAGE(F3:F13) -> 0.20495455 | G14: =AVERAGE(G3:G13) -> 0.68143636 | H14: =AVERAGE(H3:H13) -> 0.29211818 | I14: =AVERAGE(I3:I13) -> 0.25757273 | J14: =AVERAGE(J3:J13) -> 0.60409091 | ... N14: =AVERAGE(N3:N13) -> 0.30087273

Sheet BRI
C1: ChatGPT | F1: Gemini | I1: Grok | L1: Perplexity
A2: No | B2: Parameter | C2: Precision | D2: Recall | E2: F1-Score | F2: Precision | G2: Recall | H2: F1-Score | I2: Precision | J2: Recall | K2: F1-Score | L2: Precision | M2: Recall | N2: F1-Score
A3: 1 | B3: Pengirim/pengendali data | C3: 0.6667 | D3: 1 | E3: 0.8 | F3: 0.6667 | G3: 1 | H3: 0.8 | I3: 0.6667 | J3: 1 | K3: 0.8 | L3: 0.1818 | M3: 1 | N3: 0.3077
A4: 2 | B4: Penerima/prosesor data | C4: 0.0769 | D4: 0.0909 | E4: 0.0833 | F4: 0.24 | G4: 0.2727 | H4: 0.2553 | I4: 0.1429 | J4: 0.3636 | K4: 0.2051 | L4: 0.2931 | M4: 0.7727 | N4: 0.425
A5: 3 | B5: Subjek data | C5: 0.4167 | D5: 0.7895 | E5: 0.5455 | F5: 0.125 | G5: 0.2105 | H5: 0.1569 | I5: 0.38 | J5: 1 | K5: 0.5507 | L5: 0.3065 | M5: 1 | N5: 0.4691
A6: 4 | B6: Prinsip Transmisi | C6: 0.697 | D6: 0.3898 | E6: 0.5 | F6: 0.2836 | G6: 0.322 | H6: 0.3016 | I6: 1 | J6: 1 | K6: 1 | L6: 1 | M6: 1 | N6: 1
A7: 5 | B7: Legalitas dari Pemrosesan Data Pribadi | C7: 1 | D7: 0.5467 | E7: 0.7069 | F7: 0.5854 | G7: 0.32 | H7: 0.4138 | I7: 1 | J7: 1 | K7: 1 | L7: 0.6974 | M7: 0.7067 | N7: 0.702
A8: 6 | B8: Tujuan Pemrosesan Data Pribadi | C8: 0.6 | D8: 0.0416 | E8: 0.0778 | F8: 0.36 | G8: 0.0535 | H8: 0.0931 | I8: 1 | J8: 0.2238 | K8: 0.3657 | L8: 0.8915 | M8: 0.2277 | N8: 0.3628
A9: 7 | B9: Jenis dan Relevansi Data Pribadi yang akan diproses | C9: 0.3448 | D9: 0.4348 | E9: 0.3846 | F9: 0.0822 | G9: 0.2609 | H9: 0.125 | I9: 0.1143 | J9: 0.3478 | K9: 0.172 | L9: 0.137 | M9: 0.4348 | N9: 0.2083
A10: 8 | B10: Jangka Waktu Retensi Dokumen yang Memuat Data Pribadi | C10: 0.2586 | D10: 0.8333 | E10: 0.3947 | F10: 0.1111 | G10: 0.2222 | H10: 0.1481 | I10: 0.2192 | J10: 0.8889 | K10: 0.3516 | L10: 0.1724 | M10: 0.5556 | N10: 0.2632
A11: 9 | B11: Rincian Mengenai Informasi yang Dikumpulkan | C11: 0 | D11: 0 | E11: 0 | F11: 0 | G11: 0 | H11: 0 | I11: 0 | J11: 0 | K11: 0 | L11: 0 | M11: 0 | N11: 0
A12: 10 | B12: Jangka Waktu Pemrosesan Data Pribadi | C12: 1 | D12: 1 | E12: 1 | F12: 0 | G12: 0 | H12: 0 | I12: 1 | J12: 1 | K12: 1 | L12: 0 | M12: 0 | N12: 0
A13: 11 | B13: Hak Subjek Data Pribadi | C13: 0.8372 | D13: 0.8 | E13: 0.8182 | F13: 0.2593 | G13: 0.4667 | H13: 0.3333 | I13: 0.8182 | J13: 1 | K13: 0.9 | L13: 0.4468 | M13: 0.4667 | N13: 0.4565
A14: Average | C14: =AVERAGE(C3:C13) -> 0.53617273 | D14: =AVERAGE(D3:D13) -> 0.53878182 | E14: =AVERAGE(E3:E13) -> 0.48281818 | F14: =AVERAGE(F3:F13) -> 0.24666364 | G14: =AVERAGE(G3:G13) -> 0.28440909 | H14: =AVERAGE(H3:H13) -> 0.23882727 | I14: =AVERAGE(I3:I13) -> 0.57648182 | J14: =AVERAGE(J3:J13) -> 0.71128182 | ... N14: =AVERAGE(N3:N13) -> 0.38132727

Sheet BSI
C1: ChatGPT | F1: Gemini | I1: Grok | L1: Perplexity
A2: No | B2: Parameter | C2: Precision | D2: Recall | E2: F1-Score | F2: Precision | G2: Recall | H2: F1-Score | I2: Precision | J2: Recall | K2: F1-Score | L2: Precision | M2: Recall | N2: F1-Score
A3: 1 | B3: Pengirim/pengendali data | C3: 0.5556 | D3: 1 | E3: 0.7143 | F3: 0.5556 | G3: 1 | H3: 0.7143 | I3: 0.5556 | J3: 1 | K3: 0.7143 | L3: 0.2632 | M3: 1 | N3: 0.4167
A4: 2 | B4: Penerima/prosesor data | C4: 0.1111 | D4: 0.4286 | E4: 0.1765 | F4: 0.25 | G4: 0.4286 | H4: 0.3158 | I4: 0.0769 | J4: 0.7143 | K4: 0.1389 | L4: 0.1429 | M4: 0.7143 | N4: 0.2381
A5: 3 | B5: Subjek data | C5: 0.0952 | D5: 1 | E5: 0.1739 | F5: 0.0741 | G5: 1 | H5: 0.1379 | I5: 0.1667 | J5: 1 | K5: 0.2857 | L5: 0.0909 | M5: 1 | N5: 0.1667
A6: 4 | B6: Prinsip Transmisi | C6: 0.38 | D6: 0.7917 | E6: 0.5135 | F6: 0.6316 | G6: 1 | H6: 0.7742 | I6: 0.6316 | J6: 1 | K6: 0.7742 | L6: 0.5854 | M6: 1 | N6: 0.7385
A7: 5 | B7: Legalitas dari Pemrosesan Data Pribadi | C7: 0.7419 | D7: 0.5897 | E7: 0.6571 | F7: 0.2368 | G7: 0.2308 | H7: 0.2338 | I7: 0.6724 | J7: 1 | K7: 0.8041 | L7: 0.6765 | M7: 0.5897 | N7: 0.6301
A8: 6 | B8: Tujuan Pemrosesan Data Pribadi | C8: 0.1084 | D8: 0.6 | E8: 0.1837 | F8: 0.1591 | G8: 0.4667 | H8: 0.2373 | I8: 0.1646 | J8: 0.8667 | K8: 0.2766 | L8: 0.1159 | M8: 0.5333 | N8: 0.1905
A9: 7 | B9: Jenis dan Relevansi Data Pribadi yang akan diproses | C9: 0.9149 | D9: 0.1587 | E9: 0.2704 | F9: 0.3654 | G9: 0.0701 | H9: 0.1176 | I9: 0.8033 | J9: 0.1808 | K9: 0.2952 | L9: 0.5246 | M9: 0.1181 | N9: 0.1928
A10: 8 | B10: Jangka Waktu Retensi Dokumen yang Memuat Data Pribadi | C10: 0.6552 | D10: 0.7917 | E10: 0.717 | F10: 0.3793 | G10: 0.4583 | H10: 0.4151 | I10: 0.5641 | J10: 0.9167 | K10: 0.6984 | L10: 0.4194 | M10: 0.5417 | N10: 0.4727
A11: 9 | B11: Rincian Mengenai Informasi yang Dikumpulkan | C11: 0 | D11: 0 | E11: 0 | F11: 0 | G11: 0 | H11: 0 | I11: 0 | J11: 0 | K11: 0 | L11: 0 | M11: 0 | N11: 0
A12: 10 | B12: Jangka Waktu Pemrosesan Data Pribadi | C12: 1 | D12: 1 | E12: 1 | F12: 0 | G12: 0 | H12: 0 | I12: 1 | J12: 1 | K12: 1 | L12: 0.0667 | M12: 0.5 | N12: 0.1176
A13: 11 | B13: Hak Subjek Data Pribadi | C13: 0.9796 | D13: 0.2791 | E13: 0.4344 | F13: 0.6462 | G13: 0.2442 | H13: 0.3544 | I13: 0.8767 | J13: 0.3721 | K13: 0.5224 | L13: 0.7571 | M13: 0.3081 | N13: 0.438
A14: Average | C14: =AVERAGE(C3:C13) -> 0.50380909 | D14: =AVERAGE(D3:D13) -> 0.60359091 | E14: =AVERAGE(E3:E13) -> 0.44007273 | F14: =AVERAGE(F3:F13) -> 0.29982727 | G14: =AVERAGE(G3:G13) -> 0.44533636 | H14: =AVERAGE(H3:H13) -> 0.30003636 | I14: =AVERAGE(I3:I13) -> 0.50108182 | J14: =AVERAGE(J3:J13) -> 0.73187273 | ... N14: =AVERAGE(N3:N13) -> 0.32742727

Sheet BTN
C1: ChatGPT | F1: Gemini | I1: Grok | L1: Perplexity
A2: No | B2: Parameter | C2: Precision | D2: Recall | E2: F1-Score | F2: Precision | G2: Recall | H2: F1-Score | I2: Precision | J2: Recall | K2: F1-Score | L2: Precision | M2: Recall | N2: F1-Score
A3: 1 | B3: Pengirim/pengendali data | C3: 0.5 | D3: 1 | E3: 0.6667 | F3: 0.5 | G3: 1 | H3: 0.6667 | I3: 0.5 | J3: 1 | K3: 0.6667 | L3: 0.2778 | M3: 1 | N3: 0.4348
A4: 2 | B4: Penerima/prosesor data | C4: 0.1667 | D4: 0.2353 | E4: 0.1951 | F4: 0.1795 | G4: 0.4118 | H4: 0.25 | I4: 0.16 | J4: 0.4706 | K4: 0.2388 | L4: 0.1194 | M4: 0.4706 | N4: 0.1905
A5: 3 | B5: Subjek data | C5: 0.5 | D5: 1 | E5: 0.6667 | F5: 0.4138 | G5: 1 | H5: 0.5854 | I5: 0.5 | J5: 1 | K5: 0.6667 | L5: 0.4138 | M5: 1 | N5: 0.5854
A6: 4 | B6: Prinsip Transmisi | C6: 0.3721 | D6: 1 | E6: 0.5424 | F6: 0 | G6: 0 | H6: 0 | I6: 0.1667 | J6: 0.125 | K6: 0.1429 | L6: 0.05 | M6: 0.0625 | N6: 0.0556
A7: 5 | B7: Legalitas dari Pemrosesan Data Pribadi | C7: 0 | D7: 0 | E7: 0 | F7: 0.0161 | G7: 0.5 | H7: 0.0313 | I7: 0 | J7: 0 | K7: 0 | L7: 0.0435 | M7: 0.5 | N7: 0.08
A8: 6 | B8: Tujuan Pemrosesan Data Pribadi | C8: 0.1774 | D8: 0.3929 | E8: 0.2444 | F8: 0.1327 | G8: 0.4643 | H8: 0.2063 | I8: 0.1279 | J8: 0.3929 | K8: 0.193 | L8: 0.1266 | M8: 0.3571 | N8: 0.1869
A9: 7 | B9: Jenis dan Relevansi Data Pribadi yang akan diproses | C9: 0.4336 | D9: 0.3229 | E9: 0.3701 | F9: 0.7308 | G9: 0.1979 | H9: 0.3115 | I9: 0.5769 | J9: 0.2344 | K9: 0.3333 | L9: 0.7087 | M9: 0.3802 | N9: 0.4949
A10: 8 | B10: Jangka Waktu Retensi Dokumen yang Memuat Data Pribadi | C10: 0.5385 | D10: 0.8077 | E10: 0.6462 | F10: 0.4194 | G10: 1 | H10: 0.5909 | I10: 0.4194 | J10: 1 | K10: 0.5909 | L10: 0.4286 | M10: 0.3462 | N10: 0.383
A11: 9 | B11: Rincian Mengenai Informasi yang Dikumpulkan | C11: 0.4286 | D11: 0.0625 | E11: 0.1091 | F11: 1 | G11: 0.4635 | H11: 0.6335 | I11: 0.4167 | J11: 0.026 | K11: 0.049 | L11: 0.2222 | M11: 0.0208 | N11: 0.0381
A12: 10 | B12: Jangka Waktu Pemrosesan Data Pribadi | C12: 0 | D12: 0 | E12: 0 | F12: 1 | G12: 1 | H12: 1 | I12: 0.1 | J12: 0.0385 | K12: 0.0556 | L12: 0.1667 | M12: 0.1154 | N12: 0.1364
A13: 11 | B13: Hak Subjek Data Pribadi | C13: 0.1429 | D13: 0.5385 | E13: 0.2258 | F13: 0.1176 | G13: 0.7692 | H13: 0.2041 | I13: 0.0805 | J13: 0.5385 | K13: 0.14 | L13: 0.0833 | M13: 0.3846 | N13: 0.137
A14: Average | C14: =AVERAGE(C3:C13) -> 0.29634545 | D14: =AVERAGE(D3:D13) -> 0.48725455 | E14: =AVERAGE(E3:E13) -> 0.33331818 | F14: =AVERAGE(F3:F13) -> 0.40999091 | G14: =AVERAGE(G3:G13) -> 0.61879091 | H14: =AVERAGE(H3:H13) -> 0.40724545 | I14: =AVERAGE(I3:I13) -> 0.2771 | J14: =AVERAGE(J3:J13) -> 0.43871818 | ... N14: =AVERAGE(N3:N13) -> 0.24750909

Sheet Danamon
C1: ChatGPT | F1: Gemini | I1: Grok | L1: Perplexity
A2: No | B2: Parameter | C2: Precision | D2: Recall | E2: F1-Score | F2: Precision | G2: Recall | H2: F1-Score | I2: Precision | J2: Recall | K2: F1-Score | L2: Precision | M2: Recall | N2: F1-Score
A3: 1 | B3: Pengirim/pengendali data | C3: 1 | D3: 1 | E3: 1 | F3: 1 | G3: 1 | H3: 1 | I3: 1 | J3: 1 | K3: 1 | L3: 0.5 | M3: 1 | N3: 0.6667
A4: 2 | B4: Penerima/prosesor data | C4: 0.0238 | D4: 0.1111 | E4: 0.0392 | F4: 0.04 | G4: 0.1111 | H4: 0.0588 | I4: 0.0213 | J4: 0.1111 | K4: 0.0357 | L4: 0.0364 | M4: 0.2222 | N4: 0.0625
A5: 3 | B5: Subjek data | C5: 0.5 | D5: 1 | E5: 0.6667 | F5: 0.04 | G5: 0.2222 | H5: 0.0678 | I5: 0.2045 | J5: 1 | K5: 0.3396 | L5: 0.2045 | M5: 1 | N5: 0.3396
A6: 4 | B6: Prinsip Transmisi | C6: 0.1463 | D6: 0.4 | E6: 0.2143 | F6: 0 | G6: 0 | H6: 0 | I6: 0 | J6: 0 | K6: 0 | L6: 0.25 | M6: 0.4 | N6: 0.3077
A7: 5 | B7: Legalitas dari Pemrosesan Data Pribadi | C7: 0.027 | D7: 0.5 | E7: 0.0513 | F7: 0.02 | G7: 0.5 | H7: 0.0385 | I7: 0.0141 | J7: 0.5 | K7: 0.0274 | L7: 0.0357 | M7: 0.5 | N7: 0.0667
A8: 6 | B8: Tujuan Pemrosesan Data Pribadi | C8: 0.0899 | D8: 0.2963 | E8: 0.1379 | F8: 0.1429 | G8: 0.2593 | H8: 0.1842 | I8: 0.125 | J8: 0.3333 | K8: 0.1818 | L8: 0.2093 | M8: 0.3333 | N8: 0.2571
A9: 7 | B9: Jenis dan Relevansi Data Pribadi yang akan diproses | C9: 0.918 | D9: 0.4058 | E9: 0.5628 | F9: 0.3864 | G9: 0.1232 | H9: 0.1868 | I9: 0.8116 | J9: 0.4058 | K9: 0.5411 | L9: 0.5684 | M9: 0.3913 | N9: 0.4635
A10: 8 | B10: Jangka Waktu Retensi Dokumen yang Memuat Data Pribadi | C10: 0.1905 | D10: 0.4444 | E10: 0.2667 | F10: 0.1515 | G10: 0.2778 | H10: 0.1961 | I10: 0 | J10: 0 | K10: 0 | L10: 0.1786 | M10: 0.2778 | N10: 0.2174
A11: 9 | B11: Rincian Mengenai Informasi yang Dikumpulkan | C11: 0.7083 | D11: 0.1232 | E11: 0.2099 | F11: 0.4603 | G11: 0.2101 | H11: 0.2886 | I11: 0.3333 | J11: 0.029 | K11: 0.0533 | L11: 0.1667 | M11: 0.0217 | N11: 0.0385
A12: 10 | B12: Jangka Waktu Pemrosesan Data Pribadi | C12: 0.2222 | D12: 0.0851 | E12: 0.1231 | F12: 0.36 | G12: 0.1915 | H12: 0.25 | I12: 0 | J12: 0 | K12: 0 | L12: 0.4 | M12: 0.0851 | N12: 0.1404
A13: 11 | B13: Hak Subjek Data Pribadi | C13: 1 | D13: 0.0762 | E13: 0.1415 | F13: 0.6429 | G13: 0.149 | H13: 0.2419 | I13: 0.6735 | J13: 0.1093 | K13: 0.188 | L13: 0.8065 | M13: 0.0828 | N13: 0.1502
A14: Average | C14: =AVERAGE(C3:C13) -> 0.43872727 | D14: =AVERAGE(D3:D13) -> 0.40382727 | E14: =AVERAGE(E3:E13) -> 0.31030909 | F14: =AVERAGE(F3:F13) -> 0.29490909 | G14: =AVERAGE(G3:G13) -> 0.27674545 | H14: =AVERAGE(H3:H13) -> 0.22842727 | I14: =AVERAGE(I3:I13) -> 0.28939091 | J14: =AVERAGE(J3:J13) -> 0.31713636 | ... N14: =AVERAGE(N3:N13) -> 0.24639091

Sheet DBS
C1: ChatGPT | F1: Gemini | I1: Grok | L1: Perplexity
A2: No | B2: Parameter | C2: Precision | D2: Recall | E2: F1-Score | F2: Precision | G2: Recall | H2: F1-Score | I2: Precision | J2: Recall | K2: F1-Score | L2: Precision | M2: Recall | N2: F1-Score
A3: 1 | B3: Pengirim/pengendali data | C3: 0.3636 | D3: 1 | E3: 0.5333 | F3: 0.3636 | G3: 1 | H3: 0.5333 | I3: 0.2667 | J3: 1 | K3: 0.4211 | L3: 0.16 | M3: 1 | N3: 0.2759
A4: 2 | B4: Penerima/prosesor data | C4: 0 | D4: 0 | E4: 0 | F4: 0.075 | G4: 0.6 | H4: 0.1333 | I4: 0 | J4: 0 | K4: 0 | L4: 0.1143 | M4: 0.8 | N4: 0.2
A5: 3 | B5: Subjek data | C5: 0.5 | D5: 1 | E5: 0.6667 | F5: 0.4286 | G5: 1 | H5: 0.6 | I5: 0.5 | J5: 1 | K5: 0.6667 | L5: 0.5833 | M5: 0.7778 | N5: 0.6667
A6: 4 | B6: Prinsip Transmisi | C6: 0.5385 | D6: 1 | E6: 0.7 | F6: 0.0968 | G6: 0.1429 | H6: 0.1154 | I6: 0 | J6: 0 | K6: 0 | L6: 0.3478 | M6: 0.381 | N6: 0.3636
A7: 5 | B7: Legalitas dari Pemrosesan Data Pribadi | C7: 0.7917 | D7: 1 | E7: 0.8837 | F7: 0.1852 | G7: 0.5263 | H7: 0.274 | I7: 0 | J7: 0 | K7: 0 | L7: 0.8 | M7: 0.6316 | N7: 0.7059
A8: 6 | B8: Tujuan Pemrosesan Data Pribadi | C8: 0.6714 | D8: 0.1895 | E8: 0.2956 | F8: 0.2958 | G8: 0.0847 | H8: 0.1317 | I8: 0.7417 | J8: 0.3589 | K8: 0.4837 | L8: 0.5357 | M8: 0.0605 | N8: 0.1087
A9: 7 | B9: Jenis dan Relevansi Data Pribadi yang akan diproses | C9: 0 | D9: 0 | E9: 0 | F9: 0.1064 | G9: 0.3125 | H9: 0.1587 | I9: 0.1538 | J9: 0.875 | K9: 0.2617 | L9: 0.2 | M9: 0.375 | N9: 0.2609
A10: 8 | B10: Jangka Waktu Retensi Dokumen yang Memuat Data Pribadi | C10: 0 | D10: 0 | E10: 0 | F10: 0.1818 | G10: 0.3333 | H10: 0.2353 | I10: 0.8571 | J10: 1 | K10: 0.9231 | L10: 0.5 | M10: 0.6111 | N10: 0.55
A11: 9 | B11: Rincian Mengenai Informasi yang Dikumpulkan | C11: 1 | D11: 1 | E11: 1 | F11: 0 | G11: 0 | H11: 0 | I11: 0 | J11: 0 | K11: 0 | L11: 1 | M11: 1 | N11: 1
A12: 10 | B12: Jangka Waktu Pemrosesan Data Pribadi | C12: 1 | D12: 1 | E12: 1 | F12: 0 | G12: 0 | H12: 0 | I12: 1 | J12: 1 | K12: 1 | L12: 1 | M12: 1 | N12: 1
A13: 11 | B13: Hak Subjek Data Pribadi | C13: 0 | D13: 0 | E13: 0 | F13: 0.1327 | G13: 0.3171 | H13: 0.1871 | I13: 0.82 | J13: 1 | K13: 0.9011 | L13: 0.1538 | M13: 0.0976 | N13: 0.1194
A14: Average | C14: =AVERAGE(C3:C13) -> 0.44229091 | D14: =AVERAGE(D3:D13) -> 0.56268182 | E14: =AVERAGE(E3:E13) -> 0.46175455 | F14: =AVERAGE(F3:F13) -> 0.16962727 | G14: =AVERAGE(G3:G13) -> 0.39243636 | H14: =AVERAGE(H3:H13) -> 0.21534545 | I14: =AVERAGE(I3:I13) -> 0.39448182 | J14: =AVERAGE(J3:J13) -> 0.56671818 | ... N14: =AVERAGE(N3:N13) -> 0.47737273

Sheet Jago
C1: ChatGPT | F1: Gemini | I1: Grok | L1: Perplexity
A2: No | B2: Parameter | C2: Precision | D2: Recall | E2: F1-Score | F2: Precision | G2: Recall | H2: F1-Score | I2: Precision | J2: Recall | K2: F1-Score | L2: Precision | M2: Recall | N2: F1-Score
A3: 1 | B3: Pengirim/pengendali data | C3: 0.3333 | D3: 0.3333 | E3: 0.3333 | F3: 0.75 | G3: 1 | H3: 0.8571 | I3: 0.4286 | J3: 1 | K3: 0.6 | L3: 0.0952 | M3: 0.3333 | N3: 0.1481
A4: 2 | B4: Penerima/prosesor data | C4: 0 | D4: 0 | E4: 0 | F4: 0.5455 | G4: 0.5 | H4: 0.5217 | I4: 0 | J4: 0 | K4: 0 | L4: 0.1563 | M4: 0.4167 | N4: 0.2273
A5: 3 | B5: Subjek data | C5: 0 | D5: 0 | E5: 0 | F5: 0.1923 | G5: 0.625 | H5: 0.2941 | I5: 0.25 | J5: 0.625 | K5: 0.3571 | L5: 0.2917 | M5: 0.875 | N5: 0.4375
A6: 4 | B6: Prinsip Transmisi | C6: 0.0952 | D6: 0.2609 | E6: 0.1395 | F6: 0.225 | G6: 0.3913 | H6: 0.2857 | I6: 0 | J6: 0 | K6: 0 | L6: 0.2308 | M6: 0.2609 | N6: 0.2449
A7: 5 | B7: Legalitas dari Pemrosesan Data Pribadi | C7: 0.1538 | D7: 0.4 | E7: 0.2222 | F7: 0.0159 | G7: 0.2 | H7: 0.0294 | I7: 0.08 | J7: 0.4 | K7: 0.1333 | L7: 0.1176 | M7: 0.4 | N7: 0.1818
A8: 6 | B8: Tujuan Pemrosesan Data Pribadi | C8: 0.8431 | D8: 0.4388 | E8: 0.5772 | F8: 0.1549 | G8: 0.1122 | H8: 0.1302 | I8: 0.8 | J8: 0.5714 | K8: 0.6667 | L8: 0.7297 | M8: 0.2755 | N8: 0.4
A9: 7 | B9: Jenis dan Relevansi Data Pribadi yang akan diproses | C9: 0 | D9: 0 | E9: 0 | F9: 0 | G9: 0 | H9: 0 | I9: 0 | J9: 0 | K9: 0 | L9: 0 | M9: 0 | N9: 0
A10: 8 | B10: Jangka Waktu Retensi Dokumen yang Memuat Data Pribadi | C10: 0.2105 | D10: 0.5 | E10: 0.2963 | F10: 0.3125 | G10: 0.625 | H10: 0.4167 | I10: 0.2963 | J10: 1 | K10: 0.4571 | L10: 0.2857 | M10: 0.5 | N10: 0.3636
A11: 9 | B11: Rincian Mengenai Informasi yang Dikumpulkan | C11: 0.3704 | D11: 0.0952 | E11: 0.1515 | F11: 0.5 | G11: 0.2762 | H11: 0.3558 | I11: 0.4167 | J11: 0.0476 | K11: 0.0855 | L11: 0.1 | M11: 0.019 | N11: 0.032
A12: 10 | B12: Jangka Waktu Pemrosesan Data Pribadi | C12: 0 | D12: 0 | E12: 0 | F12: 0 | G12: 0 | H12: 0 | I12: 1 | J12: 1 | K12: 1 | L12: 0 | M12: 0 | N12: 0
A13: 11 | B13: Hak Subjek Data Pribadi | C13: 0.975 | D13: 0.2708 | E13: 0.4239 | F13: 0.6456 | G13: 0.3542 | H13: 0.4574 | I13: 0.9167 | J13: 0.5347 | K13: 0.6754 | L13: 0.4722 | M13: 0.1181 | N13: 0.1889
A14: Average | C14: =AVERAGE(C3:C13) -> 0.27102727 | D14: =AVERAGE(D3:D13) -> 0.209 | E14: =AVERAGE(E3:E13) -> 0.1949 | F14: =AVERAGE(F3:F13) -> 0.30379091 | G14: =AVERAGE(G3:G13) -> 0.37126364 | H14: =AVERAGE(H3:H13) -> 0.30437273 | I14: =AVERAGE(I3:I13) -> 0.38075455 | J14: =AVERAGE(J3:J13) -> 0.47079091 | ... N14: =AVERAGE(N3:N13) -> 0.20219091

Sheet Mandiri
C1: ChatGPT | F1: Gemini | I1: Grok | L1: Perplexity
A2: No | B2: Parameter | C2: Precision | D2: Recall | E2: F1-Score | F2: Precision | G2: Recall | H2: F1-Score | I2: Precision | J2: Recall | K2: F1-Score | L2: Precision | M2: Recall | N2: F1-Score
A3: 1 | B3: Pengirim/pengendali data | C3: 0.5385 | D3: 1 | E3: 0.7 | F3: 0.5385 | G3: 1 | H3: 0.7 | I3: 0.5385 | J3: 1 | K3: 0.7 | L3: 0.0833 | M3: 0.2857 | N3: 0.129
A4: 2 | B4: Penerima/prosesor data | C4: 0.1818 | D4: 0.1818 | E4: 0.1818 | F4: 0.1818 | G4: 0.1818 | H4: 0.1818 | I4: 0.3333 | J4: 0.4091 | K4: 0.3673 | L4: 0.1026 | M4: 0.1818 | N4: 0.1311
A5: 3 | B5: Subjek data | C5: 0.1765 | D5: 0.375 | E5: 0.24 | F5: 0.0333 | G5: 0.125 | H5: 0.0526 | I5: 0.5833 | J5: 0.875 | K5: 0.7 | L5: 0.4286 | M5: 0.75 | N5: 0.5455
A6: 4 | B6: Prinsip Transmisi | C6: 0.1842 | D6: 0.3889 | E6: 0.25 | F6: 0.1045 | G6: 0.3889 | H6: 0.1647 | I6: 0 | J6: 0 | K6: 0 | L6: 0.1053 | M6: 0.1111 | N6: 0.1081
A7: 5 | B7: Legalitas dari Pemrosesan Data Pribadi | C7: 0.2468 | D7: 0.3878 | E7: 0.3016 | F7: 0.3469 | G7: 0.6939 | H7: 0.4626 | I7: 0.3505 | J7: 0.6939 | K7: 0.4658 | L7: 0.4167 | M7: 0.2041 | N7: 0.274
A8: 6 | B8: Tujuan Pemrosesan Data Pribadi | C8: 0.973 | D8: 0.313 | E8: 0.4737 | F8: 0.823 | G8: 0.8087 | H8: 0.8158 | I8: 0.3134 | J8: 0.1826 | K8: 0.2308 | L8: 0.381 | M8: 0.0696 | N8: 0.1176
A9: 7 | B9: Jenis dan Relevansi Data Pribadi yang akan diproses | C9: 0.9216 | D9: 0.4653 | E9: 0.6184 | F9: 0 | G9: 0 | H9: 0 | I9: 0.697 | J9: 0.2277 | K9: 0.3433 | L9: 0.9545 | M9: 0.104 | N9: 0.1875
A10: 8 | B10: Jangka Waktu Retensi Dokumen yang Memuat Data Pribadi | C10: 0 | D10: 0 | E10: 0 | F10: 0 | G10: 0 | H10: 0 | I10: 0 | J10: 0 | K10: 0 | L10: 0 | M10: 0 | N10: 0
A11: 9 | B11: Rincian Mengenai Informasi yang Dikumpulkan | C11: 0 | D11: 0 | E11: 0 | F11: 0 | G11: 0 | H11: 0 | I11: 0 | J11: 0 | K11: 0 | L11: 1 | M11: 1 | N11: 1
A12: 10 | B12: Jangka Waktu Pemrosesan Data Pribadi | C12: 0.963 | D12: 0.7222 | E12: 0.8254 | F12: 0.8947 | G12: 0.9444 | H12: 0.9189 | I12: 0.8947 | J12: 0.9444 | K12: 0.9189 | L12: 0 | M12: 0 | N12: 0
A13: 11 | B13: Hak Subjek Data Pribadi | C13: 0.84 | D13: 0.8936 | E13: 0.866 | F13: 0.8302 | G13: 0.9362 | H13: 0.88 | I13: 0.5556 | J13: 0.6383 | K13: 0.5941 | L13: 0.359 | M13: 0.2979 | N13: 0.3256
A14: Average | C14: =AVERAGE(C3:C13) -> 0.45685455 | D14: =AVERAGE(D3:D13) -> 0.42978182 | E14: =AVERAGE(E3:E13) -> 0.40517273 | F14: =AVERAGE(F3:F13) -> 0.34117273 | G14: =AVERAGE(G3:G13) -> 0.46171818 | H14: =AVERAGE(H3:H13) -> 0.37967273 | I14: =AVERAGE(I3:I13) -> 0.38784545 | J14: =AVERAGE(J3:J13) -> 0.45190909 | ... N14: =AVERAGE(N3:N13) -> 0.25621818

Sheet Maybank
C1: ChatGPT | F1: Gemini | I1: Grok | L1: Perplexity
A2: No | B2: Parameter | C2: Precision | D2: Recall | E2: F1-Score | F2: Precision | G2: Recall | H2: F1-Score | I2: Precision | J2: Recall | K2: F1-Score | L2: Precision | M2: Recall | N2: F1-Score
A3: 1 | B3: Pengirim/pengendali data | C3: 0.3333 | D3: 1 | E3: 0.5 | F3: 1 | G3: 1 | H3: 1 | I3: 1 | J3: 1 | K3: 1 | L3: 0.1786 | M3: 0.8333 | N3: 0.2941
A4: 2 | B4: Penerima/prosesor data | C4: 0.1364 | D4: 0.1304 | E4: 0.1333 | F4: 0.1667 | G4: 0.1739 | H4: 0.1702 | I4: 0.1429 | J4: 0.2174 | K4: 0.1724 | L4: 0.1515 | M4: 0.2174 | N4: 0.1786
A5: 3 | B5: Subjek data | C5: 0.4167 | D5: 0.1136 | E5: 0.1786 | F5: 0.1481 | G5: 0.0909 | H5: 0.1127 | I5: 0.8 | J5: 0.6364 | K5: 0.7089 | L5: 0.4783 | M5: 0.25 | N5: 0.3284
A6: 4 | B6: Prinsip Transmisi | C6: 0.0789 | D6: 0.4286 | E6: 0.1333 | F6: 0.0175 | G6: 0.1429 | H6: 0.0313 | I6: 0.0465 | J6: 0.2857 | K6: 0.08 | L6: 0.0741 | M6: 0.2857 | N6: 0.1176
A7: 5 | B7: Legalitas dari Pemrosesan Data Pribadi | C7: 0.8 | D7: 0.8889 | E7: 0.8421 | F7: 0.3611 | G7: 0.3611 | H7: 0.3611 | I7: 0.2128 | J7: 0.2778 | K7: 0.241 | L7: 0.381 | M7: 0.2222 | N7: 0.2807
A8: 6 | B8: Tujuan Pemrosesan Data Pribadi | C8: 0.3506 | D8: 0.403 | E8: 0.375 | F8: 0.1864 | G8: 0.1642 | H8: 0.1746 | I8: 0.1481 | J8: 0.1194 | K8: 0.1322 | L8: 0.25 | M8: 0.1194 | N8: 0.1616
A9: 7 | B9: Jenis dan Relevansi Data Pribadi yang akan diproses | C9: 0.9059 | D9: 0.3949 | E9: 0.55 | F9: 0.3889 | G9: 0.0359 | H9: 0.0657 | I9: 0.3158 | J9: 0.0923 | K9: 0.1429 | L9: 0.5714 | M9: 0.0821 | N9: 0.1435
A10: 8 | B10: Jangka Waktu Retensi Dokumen yang Memuat Data Pribadi | C10: 0.28 | D10: 0.4118 | E10: 0.3333 | F10: 0.4 | G10: 0.4706 | H10: 0.4324 | I10: 0.1875 | J10: 0.3529 | K10: 0.2449 | L10: 0.1739 | M10: 0.2353 | N10: 0.2
A11: 9 | B11: Rincian Mengenai Informasi yang Dikumpulkan | C11: 0 | D11: 0 | E11: 0 | F11: 0 | G11: 0 | H11: 0 | I11: 0 | J11: 0 | K11: 0 | L11: 1 | M11: 1 | N11: 1
A12: 10 | B12: Jangka Waktu Pemrosesan Data Pribadi | C12: 0.1429 | D12: 0.3 | E12: 0.1935 | F12: 0.3636 | G12: 0.4 | H12: 0.381 | I12: 0.1154 | J12: 0.3 | K12: 0.1667 | L12: 0 | M12: 0 | N12: 0
A13: 11 | B13: Hak Subjek Data Pribadi | C13: 1 | D13: 0.3431 | E13: 0.5109 | F13: 0.5393 | G13: 0.3504 | H13: 0.4248 | I13: 0.5577 | J13: 0.2117 | K13: 0.3069 | L13: 0.3415 | M13: 0.1022 | N13: 0.1573
A14: Average | C14: =AVERAGE(C3:C13) -> 0.40406364 | D14: =AVERAGE(D3:D13) -> 0.4013 | E14: =AVERAGE(E3:E13) -> 0.34090909 | F14: =AVERAGE(F3:F13) -> 0.32469091 | G14: =AVERAGE(G3:G13) -> 0.28999091 | H14: =AVERAGE(H3:H13) -> 0.28670909 | I14: =AVERAGE(I3:I13) -> 0.32060909 | J14: =AVERAGE(J3:J13) -> 0.3176 | ... N14: =AVERAGE(N3:N13) -> 0.26016364
