Workbook

Sheet average
B1: ChatGPT | E1: Gemini | H1: Grok | K1: Perplexity
B2: Precision | C2: Recall | D2: F1-Score | E2: Precision | F2: Recall | G2: F1-Score | H2: Precision | I2: Recall | J2: F1-Score | K2: Precision | L2: Recall | M2: F1-Score
A3: alodokter | B3: =alodokter!C14 -> 0.20497273 | C3: =alodokter!D14 -> 0.25126364 | D3: =alodokter!E14 -> 0.16236364 | E3: =alodokter!F14 -> 0.021009091 | F3: =alodokter!G14 -> 0.16666364 | G3: =alodokter!H14 -> 0.034509091 | H3: =alodokter!I14 -> 0.11575455 | I3: =alodokter!J14 -> 0.28408182 | ... M3: =alodokter!N14 -> 0.13946364
A4: halodoc | B4: =halodoc!C14 -> 0.36889091 | C4: =halodoc!D14 -> 0.26992727 | D4: =halodoc!E14 -> 0.21818182 | E4: =halodoc!F14 -> 0.35473636 | F4: =halodoc!G14 -> 0.50597273 | G4: =halodoc!H14 -> 0.31102727 | H4: =halodoc!I14 -> 0.35270909 | I4: =halodoc!J14 -> 0.61596364 | ... M4: =halodoc!N14 -> 0.21746364
A5: linksehat | B5: =linksehat!C14 -> 0.1531 | C5: =linksehat!D14 -> 0.18932727 | D5: =linksehat!E14 -> 0.1455 | E5: =linksehat!F14 -> 0.051836364 | F5: =linksehat!G14 -> 0.14994545 | G5: =linksehat!H14 -> 0.058818182 | H5: =linksehat!I14 -> 0.13961818 | I5: =linksehat!J14 -> 0.19417273 | ... M5: =linksehat!N14 -> 0.1553
A6: prodia | B6: =prodia!C14 -> 0.35628182 | C6: =prodia!D14 -> 0.29323636 | D6: =prodia!E14 -> 0.29240909 | E6: =prodia!F14 -> 0.22029091 | F6: =prodia!G14 -> 0.39555455 | G6: =prodia!H14 -> 0.24072727 | H6: =prodia!I14 -> 0.28534545 | I6: =prodia!J14 -> 0.50692727 | ... M6: =prodia!N14 -> 0.24977273

Sheet alodokter
C1: ChatGPT | F1: Gemini | I1: Grok | L1: Perplexity
A2: No | B2: Parameter | C2: Precision | D2: Recall | E2: F1-Score | F2: Precision | G2: Recall | H2: F1-Score | I2: Precision | J2: Recall | K2: F1-Score | L2: Precision | M2: Recall | N2: F1-Score
A3: 1 | B3: Pengirim/pengendali data | C3: 1 | D3: 0.25 | E3: 0.4 | F3: 0 | G3: 0 | H3: 0 | I3: 0.025 | J3: 0.25 | K3: 0.0455 | L3: 0.0769 | M3: 0.25 | N3: 0.1176
A4: 2 | B4: Penerima/prosesor data | C4: 0.0741 | D4: 1 | E4: 0.1379 | F4: 0.0313 | G4: 1 | H4: 0.0606 | I4: 0.0339 | J4: 1 | K4: 0.0656 | L4: 0.0588 | M4: 1 | N4: 0.1111
A5: 3 | B5: Subjek data | C5: 0.0625 | D5: 0.3333 | E5: 0.1053 | F5: 0.0556 | G5: 0.3333 | H5: 0.0952 | I5: 0.0333 | J5: 0.3333 | K5: 0.0606 | L5: 0.0833 | M5: 0.3333 | N5: 0.1333
A6: 4 | B6: Prinsip Transmisi | C6: 0 | D6: 0 | E6: 0 | F6: 0 | G6: 0 | H6: 0 | I6: 0 | J6: 0 | K6: 0 | L6: 0 | M6: 0 | N6: 0
A7: 5 | B7: Legalitas dari Pemrosesan Data Pribadi | C7: 0 | D7: 0 | E7: 0 | F7: 0 | G7: 0 | H7: 0 | I7: 0 | J7: 0 | K7: 0 | L7: 0 | M7: 0 | N7: 0
A8: 6 | B8: Tujuan Pemrosesan Data Pribadi | C8: 0.037 | D8: 0.0556 | E8: 0.0444 | F8: 0.0923 | G8: 0.3333 | H8: 0.1446 | I8: 0.1053 | J8: 0.3333 | K8: 0.16 | L8: 0.0606 | M8: 0.1111 | N8: 0.0784
A9: 7 | B9: Jenis dan Relevansi Data Pribadi yang akan diproses | C9: 0.0811 | D9: 0.125 | E9: 0.0984 | F9: 0.0519 | G9: 0.1667 | H9: 0.0792 | I9: 0.0758 | J9: 0.2083 | K9: 0.1111 | L9: 0.075 | M9: 0.125 | N9: 0.0937
A10: 8 | B10: Jangka Waktu Retensi Dokumen yang Memuat Data Pribadi | C10: 0 | D10: 0 | E10: 0 | F10: 0 | G10: 0 | H10: 0 | I10: 0 | J10: 0 | K10: 0 | L10: 0 | M10: 0 | N10: 0
A11: 9 | B11: Rincian Mengenai Informasi yang Dikumpulkan | C11: 0 | D11: 0 | E11: 0 | F11: 0 | G11: 0 | H11: 0 | I11: 0 | J11: 0 | K11: 0 | L11: 0 | M11: 0 | N11: 0
A12: 10 | B12: Jangka Waktu Pemrosesan Data Pribadi | C12: 1 | D12: 1 | E12: 1 | F12: 0 | G12: 0 | H12: 0 | I12: 1 | J12: 1 | K12: 1 | L12: 1 | M12: 1 | N12: 1
A13: 11 | B13: Hak Subjek Data Pribadi | C13: 0 | D13: 0 | E13: 0 | F13: 0 | G13: 0 | H13: 0 | I13: 0 | J13: 0 | K13: 0 | L13: 0 | M13: 0 | N13: 0
A14: Average | C14: =AVERAGE(C3:C13) -> 0.20497273 | D14: =AVERAGE(D3:D13) -> 0.25126364 | E14: =AVERAGE(E3:E13) -> 0.16236364 | F14: =AVERAGE(F3:F13) -> 0.021009091 | G14: =AVERAGE(G3:G13) -> 0.16666364 | H14: =AVERAGE(H3:H13) -> 0.034509091 | I14: =AVERAGE(I3:I13) -> 0.11575455 | J14: =AVERAGE(J3:J13) -> 0.28408182 | ... N14: =AVERAGE(N3:N13) -> 0.13946364

Sheet halodoc
C1: ChatGPT | F1: Gemini | I1: Grok | L1: Perplexity
A2: No | B2: Parameter | C2: Precision | D2: Recall | E2: F1-Score | F2: Precision | G2: Recall | H2: F1-Score | I2: Precision | J2: Recall | K2: F1-Score | L2: Precision | M2: Recall | N2: F1-Score
A3: 1 | B3: Pengirim/pengendali data | C3: 0 | D3: 0 | E3: 0 | F3: 0.0769 | G3: 1 | H3: 0.1429 | I3: 0.0755 | J3: 1 | K3: 0.1404 | L3: 0.0833 | M3: 1 | N3: 0.1538
A4: 2 | B4: Penerima/prosesor data | C4: 0.3889 | D4: 0.4118 | E4: 0.4 | F4: 0.098 | G4: 0.2941 | H4: 0.1471 | I4: 0.2025 | J4: 0.9412 | K4: 0.3333 | L4: 0.0986 | M4: 0.4118 | N4: 0.1591
A5: 3 | B5: Subjek data | C5: 0.1111 | D5: 1 | E5: 0.2 | F5: 0.0244 | G5: 1 | H5: 0.0476 | I5: 0.0233 | J5: 1 | K5: 0.0455 | L5: 0.0303 | M5: 1 | N5: 0.0588
A6: 4 | B6: Prinsip Transmisi | C6: 0 | D6: 0 | E6: 0 | F6: 0 | G6: 0 | H6: 0 | I6: 0 | J6: 0 | K6: 0 | L6: 0 | M6: 0 | N6: 0
A7: 5 | B7: Legalitas dari Pemrosesan Data Pribadi | C7: 0.2857 | D7: 0.2 | E7: 0.2353 | F7: 0.5882 | G7: 1 | H7: 0.7407 | I7: 0.4348 | J7: 1 | K7: 0.6061 | L7: 0.6538 | M7: 0.85 | N7: 0.7391
A8: 6 | B8: Tujuan Pemrosesan Data Pribadi | C8: 0.65 | D8: 0.0304 | E8: 0.0582 | F8: 0.7229 | G8: 0.1405 | H8: 0.2353 | I8: 0.6806 | J8: 0.1148 | K8: 0.1964 | L8: 0.6571 | M8: 0.0539 | N8: 0.0996
A9: 7 | B9: Jenis dan Relevansi Data Pribadi yang akan diproses | C9: 0.4444 | D9: 0.0588 | E9: 0.1039 | F9: 0.4138 | G9: 0.2647 | H9: 0.3229 | I9: 0.3295 | J9: 0.2132 | K9: 0.2589 | L9: 0.3409 | M9: 0.1103 | N9: 0.1667
A10: 8 | B10: Jangka Waktu Retensi Dokumen yang Memuat Data Pribadi | C10: 0.3333 | D10: 0.1017 | E10: 0.1558 | F10: 1 | G10: 1 | H10: 1 | I10: 0.4773 | J10: 0.7119 | K10: 0.5714 | L10: 0.4722 | M10: 0.2881 | N10: 0.3579
A11: 9 | B11: Rincian Mengenai Informasi yang Dikumpulkan | C11: 0.4444 | D11: 0.0127 | E11: 0.0246 | F11: 0.3625 | G11: 0.0459 | H11: 0.0815 | I11: 0.2667 | J11: 0.0253 | K11: 0.0462 | L11: 0.525 | M11: 0.0332 | N11: 0.0625
A12: 10 | B12: Jangka Waktu Pemrosesan Data Pribadi | C12: 1 | D12: 1 | E12: 1 | F12: 0 | G12: 0 | H12: 0 | I12: 1 | J12: 1 | K12: 1 | L12: 0 | M12: 0 | N12: 0
A13: 11 | B13: Hak Subjek Data Pribadi | C13: 0.4 | D13: 0.1538 | E13: 0.2222 | F13: 0.6154 | G13: 0.8205 | H13: 0.7033 | I13: 0.3896 | J13: 0.7692 | K13: 0.5172 | L13: 0.6286 | M13: 0.5641 | N13: 0.5946
A14: Average | C14: =AVERAGE(C3:C13) -> 0.36889091 | D14: =AVERAGE(D3:D13) -> 0.26992727 | E14: =AVERAGE(E3:E13) -> 0.21818182 | F14: =AVERAGE(F3:F13) -> 0.35473636 | G14: =AVERAGE(G3:G13) -> 0.50597273 | H14: =AVERAGE(H3:H13) -> 0.31102727 | I14: =AVERAGE(I3:I13) -> 0.35270909 | J14: =AVERAGE(J3:J13) -> 0.61596364 | ... N14: =AVERAGE(N3:N13) -> 0.21746364

Sheet linksehat
C1: ChatGPT | F1: Gemini | I1: Grok | L1: Perplexity
A2: No | B2: Parameter | C2: Precision | D2: Recall | E2: F1-Score | F2: Precision | G2: Recall | H2: F1-Score | I2: Precision | J2: Recall | K2: F1-Score | L2: Precision | M2: Recall | N2: F1-Score
A3: 1 | B3: Pengirim/pengendali data | C3: 0 | D3: 0 | E3: 0 | F3: 0 | G3: 0 | H3: 0 | I3: 0 | J3: 0 | K3: 0 | L3: 0 | M3: 0 | N3: 0
A4: 2 | B4: Penerima/prosesor data | C4: 0.0625 | D4: 0.6667 | E4: 0.1143 | F4: 0.0313 | G4: 1 | H4: 0.0606 | I4: 0.0333 | J4: 0.6667 | K4: 0.0635 | L4: 0.0323 | M4: 0.6667 | N4: 0.0615
A5: 3 | B5: Subjek data | C5: 0 | D5: 0 | E5: 0 | F5: 0 | G5: 0 | H5: 0 | I5: 0 | J5: 0 | K5: 0 | L5: 0.1111 | M5: 1 | N5: 0.2
A6: 4 | B6: Prinsip Transmisi | C6: 0 | D6: 0 | E6: 0 | F6: 0 | G6: 0 | H6: 0 | I6: 0 | J6: 0 | K6: 0 | L6: 0 | M6: 0 | N6: 0
A7: 5 | B7: Legalitas dari Pemrosesan Data Pribadi | C7: 0.1923 | D7: 0.0926 | E7: 0.125 | F7: 0.1786 | G7: 0.1852 | H7: 0.1818 | I7: 0.1429 | J7: 0.1111 | K7: 0.125 | L7: 0.1818 | M7: 0.1481 | N7: 0.1633
A8: 6 | B8: Tujuan Pemrosesan Data Pribadi | C8: 0.125 | D8: 0.0541 | E8: 0.0755 | F8: 0.1548 | G8: 0.1757 | H8: 0.1646 | I8: 0.1429 | J8: 0.1081 | K8: 0.1231 | L8: 0.1818 | M8: 0.0811 | N8: 0.1121
A9: 7 | B9: Jenis dan Relevansi Data Pribadi yang akan diproses | C9: 0.3043 | D9: 0.2692 | E9: 0.2857 | F9: 0.2055 | G9: 0.2885 | H9: 0.24 | I9: 0.2167 | J9: 0.25 | K9: 0.2321 | L9: 0.1698 | M9: 0.1731 | N9: 0.1714
A10: 8 | B10: Jangka Waktu Retensi Dokumen yang Memuat Data Pribadi | C10: 0 | D10: 0 | E10: 0 | F10: 0 | G10: 0 | H10: 0 | I10: 0 | J10: 0 | K10: 0 | L10: 0 | M10: 0 | N10: 0
A11: 9 | B11: Rincian Mengenai Informasi yang Dikumpulkan | C11: 0 | D11: 0 | E11: 0 | F11: 0 | G11: 0 | H11: 0 | I11: 0 | J11: 0 | K11: 0 | L11: 0 | M11: 0 | N11: 0
A12: 10 | B12: Jangka Waktu Pemrosesan Data Pribadi | C12: 1 | D12: 1 | E12: 1 | F12: 0 | G12: 0 | H12: 0 | I12: 1 | J12: 1 | K12: 1 | L12: 1 | M12: 1 | N12: 1
A13: 11 | B13: Hak Subjek Data Pribadi | C13: 0 | D13: 0 | E13: 0 | F13: 0 | G13: 0 | H13: 0 | I13: 0 | J13: 0 | K13: 0 | L13: 0 | M13: 0 | N13: 0
A14: Average | C14: =AVERAGE(C3:C13) -> 0.1531 | D14: =AVERAGE(D3:D13) -> 0.18932727 | E14: =AVERAGE(E3:E13) -> 0.1455 | F14: =AVERAGE(F3:F13) -> 0.051836364 | G14: =AVERAGE(G3:G13) -> 0.14994545 | H14: =AVERAGE(H3:H13) -> 0.058818182 | I14: =AVERAGE(I3:I13) -> 0.13961818 | J14: =AVERAGE(J3:J13) -> 0.19417273 | ... N14: =AVERAGE(N3:N13) -> 0.1553

Sheet prodia
C1: ChatGPT | F1: Gemini | I1: Grok | L1: Perplexity
A2: No | B2: Parameter | C2: Precision | D2: Recall | E2: F1-Score | F2: Precision | G2: Recall | H2: F1-Score | I2: Precision | J2: Recall | K2: F1-Score | L2: Precision | M2: Recall | N2: F1-Score
A3: 1 | B3: Pengirim/pengendali data | C3: 0.4545 | D3: 1 | E3: 0.625 | F3: 0.2273 | G3: 1 | H3: 0.3704 | I3: 0.3125 | J3: 1 | K3: 0.4762 | L3: 0.2083 | M3: 1 | N3: 0.3448
A4: 2 | B4: Penerima/prosesor data | C4: 0 | D4: 0 | E4: 0 | F4: 0 | G4: 0 | H4: 0 | I4: 0.0098 | J4: 0.5 | K4: 0.0192 | L4: 0.0488 | M4: 1 | N4: 0.093
A5: 3 | B5: Subjek data | C5: 0 | D5: 0 | E5: 0 | F5: 0.0417 | G5: 1 | H5: 0.08 | I5: 0.0645 | J5: 1 | K5: 0.1212 | L5: 0 | M5: 0 | N5: 0
A6: 4 | B6: Prinsip Transmisi | C6: 0 | D6: 0 | E6: 0 | F6: 0 | G6: 0 | H6: 0 | I6: 0 | J6: 0 | K6: 0 | L6: 0 | M6: 0 | N6: 0
A7: 5 | B7: Legalitas dari Pemrosesan Data Pribadi | C7: 0.84 | D7: 0.2561 | E7: 0.3925 | F7: 0.4314 | G7: 0.2683 | H7: 0.3308 | I7: 0.1053 | J7: 0.0732 | K7: 0.0863 | L7: 0.8788 | M7: 0.3537 | N7: 0.5043
A8: 6 | B8: Tujuan Pemrosesan Data Pribadi | C8: 0.1579 | D8: 0.0811 | E8: 0.1071 | F8: 0.3853 | G8: 0.5676 | H8: 0.459 | I8: 0.3485 | J8: 0.3108 | K8: 0.3286 | L8: 0.1143 | M8: 0.1081 | N8: 0.1111
A9: 7 | B9: Jenis dan Relevansi Data Pribadi yang akan diproses | C9: 0.9302 | D9: 0.5128 | E9: 0.6612 | F9: 0.5625 | G9: 0.6923 | H9: 0.6207 | I9: 0.7952 | J9: 0.8462 | K9: 0.8199 | L9: 0.4583 | M9: 0.2821 | N9: 0.3492
A10: 8 | B10: Jangka Waktu Retensi Dokumen yang Memuat Data Pribadi | C10: 0.2222 | D10: 0.2162 | E10: 0.2192 | F10: 0.15 | G10: 0.2432 | H10: 0.1856 | I10: 0.12 | J10: 0.3243 | K10: 0.1752 | L10: 0.1429 | M10: 0.0541 | N10: 0.0784
A11: 9 | B11: Rincian Mengenai Informasi yang Dikumpulkan | C11: 0 | D11: 0 | E11: 0 | F11: 0 | G11: 0 | H11: 0 | I11: 0 | J11: 0 | K11: 0 | L11: 0 | M11: 0 | N11: 0
A12: 10 | B12: Jangka Waktu Pemrosesan Data Pribadi | C12: 1 | D12: 1 | E12: 1 | F12: 0 | G12: 0 | H12: 0 | I12: 1 | J12: 1 | K12: 1 | L12: 1 | M12: 1 | N12: 1
A13: 11 | B13: Hak Subjek Data Pribadi | C13: 0.3143 | D13: 0.1594 | E13: 0.2115 | F13: 0.625 | G13: 0.5797 | H13: 0.6015 | I13: 0.383 | J13: 0.5217 | K13: 0.4417 | L13: 0.3889 | M13: 0.2029 | N13: 0.2667
A14: Average | C14: =AVERAGE(C3:C13) -> 0.35628182 | D14: =AVERAGE(D3:D13) -> 0.29323636 | E14: =AVERAGE(E3:E13) -> 0.29240909 | F14: =AVERAGE(F3:F13) -> 0.22029091 | G14: =AVERAGE(G3:G13) -> 0.39555455 | H14: =AVERAGE(H3:H13) -> 0.24072727 | I14: =AVERAGE(I3:I13) -> 0.28534545 | J14: =AVERAGE(J3:J13) -> 0.50692727 | ... N14: =AVERAGE(N3:N13) -> 0.24977273
