Workbook

Sheet Codepolitan
C1: ChatGPT | F1: Gemini | I1: Grok | L1: Perplexity
A2: No | B2: Parameter | C2: Precision | D2: Recall | E2: F1-Score | F2: Precision | G2: Recall | H2: F1-Score | I2: Precision | J2: Recall | K2: F1-Score | L2: Precision | M2: Recall | N2: F1-Score
A3: 1 | B3: Pengirim/pengendali data | C3: 0.1 | D3: 1 | E3: 0.1818 | F3: 1 | G3: 1 | H3: 1 | I3: 0 | J3: 0 | K3: 0 | L3: 0.0303 | M3: 1 | N3: 0.0588
A4: 2 | B4: Penerima/prosesor data | C4: 1 | D4: 1 | E4: 1 | F4: 1 | G4: 1 | H4: 1 | I4: 1 | J4: 1 | K4: 1 | L4: 1 | M4: 1 | N4: 1
A5: 3 | B5: Subjek data | C5: 0.0435 | D5: 1 | E5: 0.0833 | F5: 0 | G5: 0 | H5: 0 | I5: 0.1 | J5: 1 | K5: 0.1818 | L5: 0.0278 | M5: 1 | N5: 0.0541
A6: 4 | B6: Prinsip Transmisi | C6: 1 | D6: 1 | E6: 1 | F6: 0 | G6: 0 | H6: 0 | I6: 0 | J6: 0 | K6: 0 | L6: 0 | M6: 0 | N6: 0
A7: 5 | B7: Legalitas dari Pemrosesan Data Pribadi | C7: 0 | D7: 0 | E7: 0 | F7: 0 | G7: 0 | H7: 0 | I7: 0 | J7: 0 | K7: 0 | L7: 1 | M7: 1 | N7: 1
A8: 6 | B8: Tujuan Pemrosesan Data Pribadi | C8: 1 | D8: 1 | E8: 1 | F8: 0.5122 | G8: 1 | H8: 0.6774 | I8: 1 | J8: 1 | K8: 1 | L8: 1 | M8: 1 | N8: 1
A9: 7 | B9: Jenis dan Relevansi Data Pribadi yang akan diproses | C9: 0.4043 | D9: 0.2676 | E9: 0.322 | F9: 0.2816 | G9: 0.4085 | H9: 0.3333 | I9: 0.3651 | J9: 0.3239 | K9: 0.3433 | L9: 0.3108 | M9: 0.3239 | N9: 0.3172
A10: 8 | B10: Jangka Waktu Retensi Dokumen yang Memuat Data Pribadi | C10: 1 | D10: 1 | E10: 1 | F10: 1 | G10: 1 | H10: 1 | I10: 1 | J10: 1 | K10: 1 | L10: 1 | M10: 1 | N10: 1
A11: 9 | B11: Rincian Mengenai Informasi yang Dikumpulkan | C11: 0.3696 | D11: 0.3469 | E11: 0.3579 | F11: 0.3418 | G11: 0.551 | H11: 0.4219 | I11: 0.3654 | J11: 0.3878 | K11: 0.3762 | L11: 0.4595 | M11: 0.3469 | N11: 0.3953
A12: 10 | B12: Jangka Waktu Pemrosesan Data Pribadi | C12: 1 | D12: 1 | E12: 1 | F12: 1 | G12: 1 | H12: 1 | I12: 1 | J12: 1 | K12: 1 | L12: 1 | M12: 1 | N12: 1
A13: 11 | B13: Hak Subjek Data Pribadi | C13: 1 | D13: 1 | E13: 1 | F13: 1 | G13: 1 | H13: 1 | I13: 1 | J13: 1 | K13: 1 | L13: 1 | M13: 1 | N13: 1
A14: Average | C14: =AVERAGE(C3:C13) -> 0.62885455 | D14: =AVERAGE(D3:D13) -> 0.78313636 | E14: =AVERAGE(E3:E13) -> 0.63136364 | F14: =AVERAGE(F3:F13) -> 0.55778182 | G14: =AVERAGE(G3:G13) -> 0.63268182 | H14: =AVERAGE(H3:H13) -> 0.58478182 | I14: =AVERAGE(I3:I13) -> 0.53004545 | J14: =AVERAGE(J3:J13) -> 0.61015455 | ... N14: =AVERAGE(N3:N13) -> 0.62049091

Sheet Ganesha
C1: ChatGPT | F1: Gemini | I1: Grok | L1: Perplexity
A2: No | B2: Parameter | C2: Precision | D2: Recall | E2: F1-Score | F2: Precision | G2: Recall | H2: F1-Score | I2: Precision | J2: Recall | K2: F1-Score | L2: Precision | M2: Recall | N2: F1-Score
A3: 1 | B3: Pengirim/pengendali data | C3: 0.3636 | D3: 1 | E3: 0.5333 | F3: 0.5714 | G3: 1 | H3: 0.7273 | I3: 0.1667 | J3: 1 | K3: 0.2857 | L3: 0.1905 | M3: 1 | N3: 0.32
A4: 2 | B4: Penerima/prosesor data | C4: 1 | D4: 0.6 | E4: 0.75 | F4: 1 | G4: 0.3556 | H4: 0.5246 | I4: 0.9375 | J4: 1 | K4: 0.9677 | L4: 1 | M4: 1 | N4: 1
A5: 3 | B5: Subjek data | C5: 0 | D5: 0 | E5: 0 | F5: 0.1111 | G5: 1 | H5: 0.2 | I5: 0 | J5: 0 | K5: 0 | L5: 0 | M5: 0 | N5: 0
A6: 4 | B6: Prinsip Transmisi | C6: 0 | D6: 0 | E6: 0 | F6: 0 | G6: 0 | H6: 0 | I6: 0 | J6: 0 | K6: 0 | L6: 0 | M6: 0 | N6: 0
A7: 5 | B7: Legalitas dari Pemrosesan Data Pribadi | C7: 0 | D7: 0 | E7: 0 | F7: 0 | G7: 0 | H7: 0 | I7: 0 | J7: 0 | K7: 0 | L7: 0 | M7: 0 | N7: 0
A8: 6 | B8: Tujuan Pemrosesan Data Pribadi | C8: 0.1282 | D8: 0.3125 | E8: 0.1818 | F8: 0.087 | G8: 0.5 | H8: 0.1481 | I8: 0.1064 | J8: 0.3125 | K8: 0.1587 | L8: 0.087 | M8: 0.5 | N8: 0.1481
A9: 7 | B9: Jenis dan Relevansi Data Pribadi yang akan diproses | C9: 0.45 | D9: 0.314 | E9: 0.3699 | F9: 0.1628 | G9: 0.2442 | H9: 0.1953 | I9: 0.5385 | J9: 0.2442 | K9: 0.336 | L9: 0.2771 | M9: 0.2674 | N9: 0.2722
A10: 8 | B10: Jangka Waktu Retensi Dokumen yang Memuat Data Pribadi | C10: 1 | D10: 1 | E10: 1 | F10: 1 | G10: 1 | H10: 1 | I10: 1 | J10: 1 | K10: 1 | L10: 1 | M10: 1 | N10: 1
A11: 9 | B11: Rincian Mengenai Informasi yang Dikumpulkan | C11: 0 | D11: 0 | E11: 0 | F11: 0 | G11: 0 | H11: 0 | I11: 0 | J11: 0 | K11: 0 | L11: 0 | M11: 0 | N11: 0
A12: 10 | B12: Jangka Waktu Pemrosesan Data Pribadi | C12: 1 | D12: 1 | E12: 1 | F12: 0 | G12: 0 | H12: 0 | I12: 1 | J12: 1 | K12: 1 | L12: 1 | M12: 1 | N12: 1
A13: 11 | B13: Hak Subjek Data Pribadi | C13: 1 | D13: 0.6757 | E13: 0.8065 | F13: 1 | G13: 1 | H13: 1 | I13: 1 | J13: 1 | K13: 1 | L13: 1 | M13: 1 | N13: 1
A14: Average | C14: =AVERAGE(C3:C13) -> 0.44925455 | D14: =AVERAGE(D3:D13) -> 0.44565455 | E14: =AVERAGE(E3:E13) -> 0.42195455 | F14: =AVERAGE(F3:F13) -> 0.35748182 | G14: =AVERAGE(G3:G13) -> 0.46361818 | H14: =AVERAGE(H3:H13) -> 0.34502727 | I14: =AVERAGE(I3:I13) -> 0.43173636 | J14: =AVERAGE(J3:J13) -> 0.50515455 | ... N14: =AVERAGE(N3:N13) -> 0.43093636

Sheet RuangGuru
C1: ChatGPT | F1: Gemini | I1: Grok | L1: Perplexity
A2: No | B2: Parameter | C2: Precision | D2: Recall | E2: F1-Score | F2: Precision | G2: Recall | H2: F1-Score | I2: Precision | J2: Recall | K2: F1-Score | L2: Precision | M2: Recall | N2: F1-Score
A3: 1 | B3: Pengirim/pengendali data | C3: 0.1739 | D3: 1 | E3: 0.2963 | F3: 0.2857 | G3: 1 | H3: 0.4444 | I3: 0.1739 | J3: 1 | K3: 0.2963 | L3: 0.1143 | M3: 1 | N3: 0.2051
A4: 2 | B4: Penerima/prosesor data | C4: 0.2432 | D4: 0.3214 | E4: 0.2769 | F4: 0.093 | G4: 0.1429 | H4: 0.1127 | I4: 0.1724 | J4: 0.3571 | K4: 0.2326 | L4: 0.0857 | M4: 0.1071 | N4: 0.0952
A5: 3 | B5: Subjek data | C5: 0.2727 | D5: 1 | E5: 0.4286 | F5: 0.2143 | G5: 1 | H5: 0.3529 | I5: 0.1364 | J5: 1 | K5: 0.24 | L5: 0.0556 | M5: 0.3333 | N5: 0.0952
A6: 4 | B6: Prinsip Transmisi | C6: 0.2692 | D6: 0.069 | E6: 0.1098 | F6: 0.1348 | G6: 0.2118 | H6: 0.1648 | I6: 0.25 | J6: 0.1182 | K6: 0.1605 | L6: 0.2667 | M6: 0.0591 | N6: 0.0968
A7: 5 | B7: Legalitas dari Pemrosesan Data Pribadi | C7: 0.6757 | D7: 1 | E7: 0.8065 | F7: 0.1687 | G7: 0.56 | H7: 0.2593 | I7: 0.3731 | J7: 1 | K7: 0.5435 | L7: 1 | M7: 1 | N7: 1
A8: 6 | B8: Tujuan Pemrosesan Data Pribadi | C8: 0.6716 | D8: 0.1793 | E8: 0.283 | F8: 0.9219 | G8: 0.7052 | H8: 0.7991 | I8: 0.5333 | J8: 0.2231 | K8: 0.3146 | L8: 0.6765 | M8: 0.0916 | N8: 0.1614
A9: 7 | B9: Jenis dan Relevansi Data Pribadi yang akan diproses | C9: 0.5062 | D9: 0.4659 | E9: 0.4852 | F9: 0.3495 | G9: 0.8182 | H9: 0.4898 | I9: 0.5789 | J9: 0.625 | K9: 0.6011 | L9: 0.3125 | M9: 0.1705 | N9: 0.2206
A10: 8 | B10: Jangka Waktu Retensi Dokumen yang Memuat Data Pribadi | C10: 0.9643 | D10: 0.2143 | E10: 0.3506 | F10: 0.6632 | G10: 0.5 | H10: 0.5701 | I10: 0.2763 | J10: 0.1667 | K10: 0.2079 | L10: 0.6341 | M10: 0.2063 | N10: 0.3114
A11: 9 | B11: Rincian Mengenai Informasi yang Dikumpulkan | C11: 0 | D11: 0 | E11: 0 | F11: 0 | G11: 0 | H11: 0 | I11: 0 | J11: 0 | K11: 0 | L11: 0 | M11: 0 | N11: 0
A12: 10 | B12: Jangka Waktu Pemrosesan Data Pribadi | C12: 0 | D12: 0 | E12: 0 | F12: 0 | G12: 0 | H12: 0 | I12: 0 | J12: 0 | K12: 0 | L12: 0 | M12: 0 | N12: 0
A13: 11 | B13: Hak Subjek Data Pribadi | C13: 1 | D13: 0.125 | E13: 0.2222 | F13: 1 | G13: 0.3088 | H13: 0.4719 | I13: 0.8762 | J13: 0.1691 | K13: 0.2835 | L13: 0.6389 | M13: 0.0423 | N13: 0.0793
A14: Average | C14: =AVERAGE(C3:C13) -> 0.43425455 | D14: =AVERAGE(D3:D13) -> 0.39771818 | E14: =AVERAGE(E3:E13) -> 0.29628182 | F14: =AVERAGE(F3:F13) -> 0.34828182 | G14: =AVERAGE(G3:G13) -> 0.47699091 | H14: =AVERAGE(H3:H13) -> 0.33318182 | I14: =AVERAGE(I3:I13) -> 0.30640909 | J14: =AVERAGE(J3:J13) -> 0.42356364 | ... N14: =AVERAGE(N3:N13) -> 0.20590909

Sheet Zenius
C1: ChatGPT | F1: Gemini | I1: Grok | L1: Perplexity
A2: No | B2: Parameter | C2: Precision | D2: Recall | E2: F1-Score | F2: Precision | G2: Recall | H2: F1-Score | I2: Precision | J2: Recall | K2: F1-Score | L2: Precision | M2: Recall | N2: F1-Score
A3: 1 | B3: Pengirim/pengendali data | C3: 0.2 | D3: 1 | E3: 0.3333 | F3: 0.3333 | G3: 1 | H3: 0.5 | I3: 0.3333 | J3: 1 | K3: 0.5 | L3: 0.1905 | M3: 1 | N3: 0.32
A4: 2 | B4: Penerima/prosesor data | C4: 0.0444 | D4: 1 | E4: 0.0851 | F4: 0.0364 | G4: 1 | H4: 0.0702 | I4: 0.0364 | J4: 1 | K4: 0.0702 | L4: 0.0588 | M4: 1 | N4: 0.1111
A5: 3 | B5: Subjek data | C5: 0.1 | D5: 1 | E5: 0.1818 | F5: 0.25 | G5: 1 | H5: 0.4 | I5: 0.0417 | J5: 1 | K5: 0.08 | L5: 0.0769 | M5: 1 | N5: 0.1429
A6: 4 | B6: Prinsip Transmisi | C6: 0 | D6: 0 | E6: 0 | F6: 0 | G6: 0 | H6: 0 | I6: 0 | J6: 0 | K6: 0 | L6: 0 | M6: 0 | N6: 0
A7: 5 | B7: Legalitas dari Pemrosesan Data Pribadi | C7: 0.4848 | D7: 0.127 | E7: 0.2013 | F7: 1 | G7: 1 | H7: 1 | I7: 1 | J7: 0.373 | K7: 0.5434 | L7: 0.1373 | M7: 0.0556 | N7: 0.0791
A8: 6 | B8: Tujuan Pemrosesan Data Pribadi | C8: 0.7353 | D8: 0.2404 | E8: 0.3623 | F8: 0.9204 | G8: 1 | H8: 0.9585 | I8: 0.7846 | J8: 0.4904 | K8: 0.6036 | L8: 0.4783 | M8: 0.1058 | N8: 0.1732
A9: 7 | B9: Jenis dan Relevansi Data Pribadi yang akan diproses | C9: 0.36 | D9: 0.403 | E9: 0.3803 | F9: 0.3279 | G9: 0.8955 | H9: 0.48 | I9: 0.4068 | J9: 0.3582 | K9: 0.381 | L9: 0.4474 | M9: 0.2537 | N9: 0.3238
A10: 8 | B10: Jangka Waktu Retensi Dokumen yang Memuat Data Pribadi | C10: 1 | D10: 0.4478 | E10: 0.6186 | F10: 1 | G10: 1 | H10: 1 | I10: 1 | J10: 0.7313 | K10: 0.8448 | L10: 0.7083 | M10: 0.2537 | N10: 0.3736
A11: 9 | B11: Rincian Mengenai Informasi yang Dikumpulkan | C11: 0 | D11: 0 | E11: 0 | F11: 0 | G11: 0 | H11: 0 | I11: 0 | J11: 0 | K11: 0 | L11: 0 | M11: 0 | N11: 0
A12: 10 | B12: Jangka Waktu Pemrosesan Data Pribadi | C12: 1 | D12: 1 | E12: 1 | F12: 0 | G12: 0 | H12: 0 | I12: 0 | J12: 0 | K12: 0 | L12: 0 | M12: 0 | N12: 0
A13: 11 | B13: Hak Subjek Data Pribadi | C13: 1 | D13: 0.3077 | E13: 0.4706 | F13: 0.973 | G13: 0.4615 | H13: 0.6261 | I13: 1 | J13: 0.4744 | K13: 0.6435 | L13: 0.625 | M13: 0.1282 | N13: 0.2128
A14: Average | C14: =AVERAGE(C3:C13) -> 0.44768182 | D14: =AVERAGE(D3:D13) -> 0.50235455 | E14: =AVERAGE(E3:E13) -> 0.3303 | F14: =AVERAGE(F3:F13) -> 0.44009091 | G14: =AVERAGE(G3:G13) -> 0.66881818 | H14: =AVERAGE(H3:H13) -> 0.45770909 | I14: =AVERAGE(I3:I13) -> 0.41843636 | J14: =AVERAGE(J3:J13) -> 0.49339091 | ... N14: =AVERAGE(N3:N13) -> 0.15786364

Sheet average
B2: ChatGPT | E2: Gemini | H2: Grok | K2: Perplexity
B3: Precision | C3: Recall | D3: F1-Score | E3: Precision | F3: Recall | G3: F1-Score | H3: Precision | I3: Recall | J3: F1-Score | K3: Precision | L3: Recall | M3: F1-Score
A4: Codepolitan | B4: =Codepolitan!C14 -> 0.62885455 | C4: =Codepolitan!D14 -> 0.78313636 | D4: =Codepolitan!E14 -> 0.63136364 | E4: =Codepolitan!F14 -> 0.55778182 | F4: =Codepolitan!G14 -> 0.63268182 | G4: =Codepolitan!H14 -> 0.58478182 | H4: =Codepolitan!I14 -> 0.53004545 | I4: =Codepolitan!J14 -> 0.61015455 | ... M4: =Codepolitan!N14 -> 0.62049091
A5: Ganesha | B5: =Ganesha!C14 -> 0.44925455 | C5: =Ganesha!D14 -> 0.44565455 | D5: =Ganesha!E14 -> 0.42195455 | E5: =Ganesha!F14 -> 0.35748182 | F5: =Ganesha!G14 -> 0.46361818 | G5: =Ganesha!H14 -> 0.34502727 | H5: =Ganesha!I14 -> 0.43173636 | I5: =Ganesha!J14 -> 0.50515455 | ... M5: =Ganesha!N14 -> 0.43093636
A6: Ruang Guru | B6: =RuangGuru!C14 -> 0.43425455 | C6: =RuangGuru!D14 -> 0.39771818 | D6: =RuangGuru!E14 -> 0.29628182 | E6: =RuangGuru!F14 -> 0.34828182 | F6: =RuangGuru!G14 -> 0.47699091 | G6: =RuangGuru!H14 -> 0.33318182 | H6: =RuangGuru!I14 -> 0.30640909 | I6: =RuangGuru!J14 -> 0.42356364 | ... M6: =RuangGuru!N14 -> 0.20590909
A7: Zenius | B7: =Zenius!C14 -> 0.44768182 | C7: =Zenius!D14 -> 0.50235455 | D7: =Zenius!E14 -> 0.3303 | E7: =Zenius!F14 -> 0.44009091 | F7: =Zenius!G14 -> 0.66881818 | G7: =Zenius!H14 -> 0.45770909 | H7: =Zenius!I14 -> 0.41843636 | I7: =Zenius!J14 -> 0.49339091 | ... M7: =Zenius!N14 -> 0.15786364
A8: overall average | B8: =AVERAGE(B4:B7) -> 0.49001136 | C8: =AVERAGE(C4:C7) -> 0.53221591 | D8: =AVERAGE(D4:D7) -> 0.419975 | E8: =AVERAGE(E4:E7) -> 0.42590909 | F8: =AVERAGE(F4:F7) -> 0.56052727 | G8: =AVERAGE(G4:G7) -> 0.430175 | H8: =AVERAGE(H4:H7) -> 0.42165682 | I8: =AVERAGE(I4:I7) -> 0.50806591 | ... M8: =AVERAGE(M4:M7) -> 0.3538
B12: ChatGPT | E12: Gemini | H12: Grok | K12: Perplexity
B13: Precision | C13: Recall | D13: F1-Score | E13: Precision | F13: Recall | G13: F1-Score | H13: Precision | I13: Recall | J13: F1-Score | K13: Precision | L13: Recall | M13: F1-Score
A14: Codepolitan | B14: 0.62885455 | C14: 0.78313636 | D14: 0.63136364 | E14: 0.55778182 | F14: 0.63268182 | G14: 0.58478182 | H14: 0.53004545 | I14: 0.61015455 | J14: 0.53648182 | K14: 0.62076364 | L14: 0.78825455 | M14: 0.62049091
A15: Ganesha | B15: 0.44925455 | C15: 0.44565455 | D15: 0.42195455 | E15: 0.35748182 | F15: 0.46361818 | G15: 0.34502727 | H15: 0.43173636 | I15: 0.50515455 | J15: 0.43164545 | K15: 0.41405455 | L15: 0.52430909 | M15: 0.43093636
A16: overall average | B16: =AVERAGE(B14:B15) -> 0.53905455 | C16: =AVERAGE(C14:C15) -> 0.61439545 | D16: =AVERAGE(D14:D15) -> 0.52665909 | E16: =AVERAGE(E14:E15) -> 0.45763182 | F16: =AVERAGE(F14:F15) -> 0.54815 | G16: =AVERAGE(G14:G15) -> 0.46490455 | H16: =AVERAGE(H14:H15) -> 0.48089091 | I16: =AVERAGE(I14:I15) -> 0.55765455 | ... M16: =AVERAGE(M14:M15) -> 0.52571364
